"","WGT","AGE","EDUC","INCOME","CHECKING","SAVING","NMMF","STOCKS","FIN","VEHIC","HOMEEQ","OTHNFIN","DEBT","NETWORTH"
"X17470",5749.9745612,54,14,66814.194577,6000,2000,0,500,39600,6400,84000,0,40200,170800
"X315",5870.6340128,40,12,42144.338118,400,0,0,0,5400,21000,8000,0,58640,17760
"X8795",8043.6949635,35,14,25697.767145,1000,160,0,0,15460,2000,12000,0,19610,9850
"X10720",6092.8720155,55,12,35976.874003,2600,19100,0,0,54700,18250,90000,0,8000,284950
"X19170",7161.7566426,40,12,39060.606061,1000,8300,0,3500,12800,9100,47000,0,21000,268900
"X22075",11429.63349,82,12,13362.838915,1000,0,50000,0,70500,7500,175000,0,0,253000
"X12235",5988.0416503,26,16,61674.641148,3000,0,0,0,16000,16000,0,0,31000,1000
"X7670",7111.7750629,50,14,53451.355662,3100,0,0,0,12200,34000,22000,0,60600,45600
"X16555",7602.8630882,71,12,16446.570973,1000,0,0,0,13000,1800,15000,0,0,29800
"X370",9917.0148024,70,6,9867.9425837,50,0,0,0,50,1300,0,0,9800,-450
"X7680",7263.7921027,52,12,35976.874003,1700,3000,2000,0,12700,4200,8000,0,92000,24900
"X6880",7039.9174156,53,11,7195.3748006,0,0,0,0,0,3300,15000,0,3400,14900
"X16570",6523.7931684,27,16,78121.212121,8500,8000,1100,1500,64100,31000,0,0,36200,58900
"X12945",6490.4551436,27,12,28781.499203,0,0,4000,0,4000,9400,0,0,1500,11900
"X6725",8265.3192249,69,12,12334.92823,500,1600,0,0,9050,8800,75000,0,0,92850
"X15725",1616.6743013,55,17,459476.07656,0,0,0,0,1238000,69000,1600000,0,0,4032000
"X19880",6805.1026514,42,14,54479.266348,3200,55,0,0,4015,38000,7000,0,147400,-7385
"X225",6865.3880206,73,12,43172.248804,11000,2000,1e+05,0,813000,15000,130000,0,0,975000
"X4995",7731.3206383,76,12,69897.926635,296440,0,0,0,393440,14400,315000,0,0,722840
"X7700",5693.9060566,43,12,58590.909091,750,1700,13000,0,48750,15400,20000,0,230000,194150
"X11375",6660.155708,48,11,52423.444976,0,1200,17600,0,20300,37800,52000,0,18810,91290
"X17920",6764.6423987,57,12,25697.767145,1600,900,0,0,111500,11000,88000,0,32340,200160
"X12365",5591.7642397,44,16,51395.53429,590,1780,0,14000,120520,26900,87500,0,17300,230120
"X920",5812.9110483,44,15,87372.408293,300,32700,0,0,93000,7700,59000,0,66000,159700
"X19050",1022.1028659,59,13,59618.819777,1500,0,0,75000,313500,7300,5e+05,0,0,1079800
"X19555",8909.1588497,47,14,25697.767145,17320,730,0,0,18650,30300,64000,0,125900,383050
"X10520",4336.528122,25,14,26725.677831,800,1500,0,0,2300,0,0,0,600,1700
"X18705",8691.5554966,28,16,71953.748006,4020,11830,0,0,16550,15200,111000,0,142000,129750
"X5095",7620.1134738,74,12,48311.802233,3500,0,0,0,60100,9600,333000,0,0,402700
"X11010",7683.5398342,62,11,6475.8373206,0,250,0,0,250,5800,0,0,840,5210
"X3540",10144.66723,23,12,28781.499203,420,340,0,0,760,4100,0,0,30,4830
"X14950",7328.9577092,40,14,71953.748006,20800,0,0,0,162700,3700,67000,800,43300,223900
"X4830",7069.5582728,44,13,3700.4784689,350,1000,0,0,1350,4800,6000,0,0,12150
"X2865",10911.342651,65,11,26725.677831,7000,6000,7500,22000,167500,9300,75000,0,0,251800
"X20945",6415.1554206,35,17,54479.266348,1200,9310,0,0,122710,29000,110000,0,159500,242210
"X13040",5263.6488343,40,13,66814.194577,0,380,0,0,19880,13500,0,0,4400,28980
"X4515",5360.7265592,33,11,28781.499203,500,0,0,0,135700,7900,0,0,780,142820
"X145",5696.8902432,21,11,513.9553429,20,20,0,0,40,0,0,0,400,-360
"X18685",8417.3120683,63,13,41116.427432,180,0,0,0,2480,8600,40000,0,5100,45980
"X17585",6373.691711,52,17,57562.998405,1000,0,0,0,92100,22000,43000,0,92000,148900
"X10090",5114.4059658,24,14,28781.499203,0,0,0,0,0,0,0,0,1300,-1300
"X13235",5454.0787103,29,14,9251.1961722,2000,20000,0,0,25000,0,0,0,0,525000
"X3045",5454.0787103,46,14,92511.961722,2500,1500,88000,0,287000,14700,34000,0,137100,324600
"X21425",5696.2367325,38,12,11307.017544,50,40,0,0,90,0,0,0,5450,-5360
"X11840",5361.2218104,34,13,7400.9569378,0,0,0,0,0,0,0,0,6000,-6000
"X3400",6327.287241,47,12,30837.320574,3500,0,0,0,25100,9900,44000,0,16600,73400
"X6635",7173.3284268,49,14,37004.784689,3200,2300,0,0,25600,4200,5000,0,2100,32700
"X19815",6188.2375194,83,12,25697.767145,5100,1800,0,0,80900,4700,0,0,300,85300
"X19565",5788.8377585,50,16,25697.767145,1500,350,0,0,7350,11800,9000,0,84770,26380
"X12135",7998.0705317,68,16,104846.88995,14600,7100,0,35000,67650,38900,108000,0,181400,168850
"X10700",6501.270854,83,14,58590.909091,0,0,330000,275000,640000,22000,1e+05,0,0,836000
"X2600",7956.8926651,28,17,61674.641148,6000,0,20000,0,54700,4600,32000,0,98000,91300
"X2860",6604.7904946,45,12,20558.213716,1500,530,0,0,4830,2800,0,0,650,6980
"X2175",4522.0593265,57,11,33921.052632,600,3000,0,0,3600,0,0,0,900,2700
"X14915",9185.1147321,50,12,169605.26316,3500,0,0,0,72800,28800,15000,0,78100,108500
"X66351",7173.3284268,49,14,37004.784689,3200,2300,0,0,25600,4200,5000,0,2100,32700
"X6575",1688.0257387,40,14,153158.69219,2000,0,6000,0,21000,38000,19000,0,16000,709000
"X8410",6793.3806993,29,13,15418.660287,3500,3000,0,0,12800,30000,18000,0,73000,39800
"X7230",5859.0520814,59,15,15418.660287,2000,1850,2e+05,0,360350,11000,60000,0,0,493850
"X12955",10373.153135,69,6,12334.92823,1000,0,0,0,1000,16020,31000,0,20900,77120
"X19205",7691.5050662,44,12,53451.355662,1000,1050,0,0,57550,13000,136000,0,60200,200350
"X600",5976.9863355,59,12,38032.695375,990,1200,0,0,9190,19700,27000,8000,139900,46990
"X1290",6655.6237848,22,14,15418.660287,250,0,0,0,4750,6300,0,0,13400,-2350
"X17070",243.63501629,40,16,925119.61722,22000,0,275000,175000,1189000,47000,425000,20000,340000,2031000
"X16140",6677.0208252,68,14,44200.15949,22000,50000,0,0,226800,12000,1e+05,0,0,338800
"X17935",9636.8011067,52,16,81204.944179,0,0,0,0,36000,31100,102000,0,93500,301100
"X3605",5198.341441,39,16,47283.891547,4000,3000,25000,0,92000,17700,0,0,8800,100900
"X10275",5933.3748403,43,16,144935.4067,7700,15300,17000,17000,274000,26500,106000,5000,180600,404900
"X19930",7944.1473962,28,13,75037.480064,3200,50,0,500,32450,23000,178000,0,40000,225450
"X15360",7421.8015669,40,12,123349.2823,1000,6000,50000,20000,137000,40000,185000,0,162900,444100
"X1075",7485.5250091,77,12,12334.92823,1700,12390,43000,0,158090,14300,37000,2500,0,223890
"X7770",9527.8477004,78,16,34948.963317,2000,100,0,0,172600,6100,65000,0,0,243700
"X1010",6341.0975322,58,8,12334.92823,1500,1200,0,0,2700,0,21000,0,108000,23700
"X7095",4293.7517034,37,14,14390.749601,660,0,0,0,660,0,0,0,0,660
"X14255",7427.1702597,78,12,11307.017544,2200,0,0,0,2960,1900,33000,0,940,42920
"X20075",10164.968737,56,14,37004.784689,1000,0,0,0,30000,7100,170000,0,11030,196070
"X2610",5551.9819553,28,12,28781.499203,270,300,0,0,570,2700,0,0,1200,2070
"X965",5837.2791717,83,12,14390.749601,600,20000,0,0,49600,3400,0,0,20,52980
"X17515",6220.5889817,48,16,41116.427432,2000,5000,0,0,37000,5000,115000,0,21200,155800
"X1755",6270.0639059,24,9,8223.2854864,0,0,0,0,0,0,0,0,0,0
"X16440",11386.752961,57,13,113070.17544,0,3500,0,2000,329500,81800,91000,0,59000,509300
"X14750",7029.1678929,29,16,37004.784689,400,100,0,0,9200,2300,12000,0,62000,19500
"X16960",8067.4671945,36,17,63730.46252,2000,0,40000,20000,82800,31400,1e+05,0,115000,199200
"X575",5111.3136335,24,11,24669.856459,0,0,0,0,2000,3800,0,0,0,5800
"X12340",7216.5317721,79,16,25697.767145,7500,0,28000,190000,317500,5600,217000,0,0,540100
"X3250",5516.1521948,40,17,12334.92823,300,0,0,0,300,3800,0,0,0,4100
"X21805",3597.7161469,51,16,81204.944179,5000,0,50000,30000,1325001,15000,570000,25000,188000,2087001
"X17860",2751.661503,49,12,8223.2854864,14600,500,0,0,42400,30000,90000,0,72550,164850
"X6260",3036.6356992,44,14,177828.54864,0,0,50000,85000,379000,31000,389000,0,254400,794600
"X8435",4689.7790073,25,15,40088.516746,160,0,0,0,7160,14000,0,0,13480,7680
"X10795",6313.4185146,55,17,87372.408293,1500,96000,27000,0,151530,22800,125000,0,0,299330
"X9785",6018.8547392,48,6,35976.874003,2850,0,0,0,6650,11800,15000,0,55990,32460
"X17455",8340.9655511,40,14,46255.980861,4000,0,0,0,6000,2100,23000,0,52500,30600
"X11275",10483.66851,68,12,27753.588517,3300,8000,32000,116000,351300,12500,2e+05,0,0,563800
"X6785",7596.6439491,45,12,56535.087719,500,505,0,0,61005,0,38000,0,93040,90965
"X12920",6468.5209548,25,14,4625.5980861,0,0,0,0,0,0,0,0,0,0
"X12685",6937.5422687,50,17,50367.623604,1800,1850,0,0,49650,7400,62000,0,18000,114050
"X7575",5875.4598504,67,14,66814.194577,200,0,0,0,31700,6800,0,0,300,38200
"X16745",8034.5601746,30,14,52423.444976,2000,0,0,0,3300,5000,2000,0,79800,3500
"X3925",6698.1550276,28,12,37004.784689,0,0,0,0,0,13200,0,0,20000,-6800
"X13715",7485.8803396,21,15,11307.017544,800,340,0,0,1140,0,0,0,0,1140
"X2630",6623.7739054,31,16,149047.04944,2000,2300,0,1700,50500,38000,7000,0,220500,224000
"X1880",7673.480689,42,17,12334.92823,220,0,0,0,1220,3100,0,0,1000,8320
"X16810",5375.451587,29,14,38032.695375,20,0,0,0,1520,7500,0,0,14100,-5080
"X7535",5532.8459779,23,14,25697.767145,1200,1,0,0,31251,16100,0,0,24700,24951
"X17395",4448.8960805,36,13,31865.23126,0,0,0,0,0,0,0,0,0,0
"X20265",4733.4575372,40,16,28781.499203,820,400,0,18000,19220,4300,0,0,0,23520
"X16645",6010.712007,58,13,113070.17544,6030,10000,0,0,105330,9900,276000,0,254000,386230
"X18180",4583.3587301,52,12,117181.81818,5400,21000,250000,0,565400,24600,209000,0,840,798160
"X4825",5070.4577342,38,13,33921.052632,0,0,0,0,1000,11300,0,0,3020,9280
"X1845",8154.7751783,78,16,64758.373206,3500,1500,0,26000,168000,21900,250000,0,18600,539300
"X5425",10038.826299,40,12,113070.17544,3000,1500,0,8300,22800,21800,80000,0,220300,124300
"X10600",8502.3050549,68,14,61674.641148,4000,36000,0,0,214000,54800,89000,30000,12800,386000
"X10360",8298.7767975,68,11,10279.106858,0,0,0,0,0,0,27000,0,10000,27000
"X19890",4456.3078696,27,13,16446.570973,750,1550,0,17000,19300,8800,0,0,5600,22500
"X20500",8349.2691021,26,10,19530.30303,0,0,0,0,0,0,163000,0,0,163000
"X2565",6641.8552293,42,16,88400.318979,2000,44000,1e+05,20000,430000,26600,70000,0,5000,526600
"X26002",7956.8926651,28,17,61674.641148,6000,0,20000,0,54700,4600,32000,0,98000,91300
"X19845",4405.0394832,26,12,38032.695375,140,0,0,0,3640,17000,0,0,13000,7640
"X18965",8152.5723517,59,12,43172.248804,9500,7700,0,0,88600,42600,67000,0,28000,198200
"X11230",3934.7121228,28,11,15418.660287,0,0,0,0,0,0,0,0,0,0
"X11260",7423.0858126,75,14,67842.105263,3500,3400,45000,122000,173900,11600,420000,0,300,605200
"X3200",7098.8499113,42,12,98679.425837,1600,13040,1000,600,45740,41200,201200,0,60500,236440
"X5965",5871.1831527,37,16,41116.427432,470,600,1300,0,24020,7300,0,0,350,30970
"X107953",6313.4185146,55,17,87372.408293,1500,96000,27000,0,151530,22800,125000,0,0,299330
"X11035",9078.7938006,85,12,20558.213716,0,0,0,0,51400,2500,60000,0,0,113900
"X18245",5659.8661322,54,17,91484.051037,7000,8200,0,0,35800,122300,98800,0,104800,491300
"X11955",7244.9139067,46,12,16446.570973,10000,10000,0,0,20000,27900,3000,0,47600,80300
"X9345",6726.9282511,92,9,3392.1052632,80,0,0,0,80,0,0,0,0,80
"X2320",6434.5102098,49,14,71953.748006,1300,1600,0,0,25970,18100,118000,0,36680,147390
"X9295",1158.4185124,71,16,65786.283892,3000,400,0,0,46400,6000,290100,0,13100,339300
"X20110",5731.2341063,48,14,51395.53429,5900,11000,0,0,16900,0,8000,0,167750,24150
"X680",6833.6584367,48,16,100735.24721,3800,0,13000,0,327800,43000,220000,0,0,590800
"X13270",7537.6703491,37,17,82232.854864,3200,1950,0,0,81350,9800,0,0,6500,84650
"X3075",7190.2136036,42,17,40088.516746,200,2150,0,0,78050,7800,29000,0,110840,71010
"X13160",9388.0983505,42,17,61674.641148,15000,100,0,0,85100,8800,37000,0,103000,120900
"X20435",3133.2430375,35,17,1182097.2887,0,0,0,375000,780000,0,850000,0,850000,2780000
"X12465",2146.5932247,52,16,51395.53429,18000,40000,0,6e+05,783000,12100,170000,0,30000,1015100
"X4440",4599.0191272,60,12,8223.2854864,660,100,0,0,760,0,0,0,0,760
"X3870",7560.2604401,63,12,29809.409888,1500,0,0,0,78700,9400,20000,0,9800,98300
"X3510",6655.2298714,40,12,80177.033493,1000,0,0,0,7900,47500,29000,0,86300,73100
"X13795",6664.1853197,18,10,7812.1212121,0,0,0,0,0,0,0,0,0,0
"X18155",4538.6282183,50,16,61674.641148,500,500,0,0,9000,18200,0,0,68300,76900
"X4685",7123.2132433,57,16,51395.53429,1000,30000,0,5700,115700,28700,141000,0,73900,270500
"X20135",4921.4820112,44,12,29809.409888,470,300,0,0,770,17100,0,0,3610,14260
"X7975",10857.691451,77,8,15418.660287,0,40000,0,0,40000,3500,210000,0,0,253500
"X16425",6688.8348639,53,11,82232.854864,2000,300,0,0,116300,23600,37000,0,201120,178780
"X84354",4689.7790073,25,15,40088.516746,160,0,0,0,7160,14000,0,0,13480,7680
"X12905",7233.3449961,62,2,71953.748006,1000,500,0,2500,196000,9000,58000,0,164000,298000
"X15095",7819.0560672,86,14,7195.3748006,1010,132000,0,0,133010,34200,0,0,0,167210
"X3625",7581.8314267,34,11,6989.7926635,0,0,0,0,0,0,10000,0,0,10000
"X198455",4405.0394832,26,12,38032.695375,140,0,0,0,3640,17000,0,0,13000,7640
"X570",10431.846514,47,12,45228.070175,500,1,0,0,57001,8400,20000,0,11200,74201
"X21195",6578.5191288,74,16,38032.695375,5200,0,190,50000,279390,21700,125000,0,0,506340
"X16470",3597.7161469,43,12,1408237.6396,10,0,0,0,400060,26000,380000,0,0,2856060
"X14880",5711.2391742,52,12,94567.783094,2150,2610,0,0,6340,9900,106000,0,49000,98240
"X9485",8780.1579845,55,10,1439.0749601,5,400,0,0,11405,21700,47000,0,37950,55155
"X17090",5797.9275382,33,12,10279.106858,700,0,0,0,700,4500,0,0,0,5200
"X9670",11386.752961,45,16,92511.961722,5500,0,0,0,55500,31000,170000,0,139600,596900
"X15945",4792.5121997,44,12,10279.106858,0,0,0,0,0,10100,0,0,70,10030
"X13535",5532.8459779,23,10,29809.409888,200,200,0,0,400,22800,0,0,18800,4400
"X3685",7486.2703994,48,10,16446.570973,0,0,0,0,17370,6400,4800,0,11360,25410
"X540",6746.536873,45,12,40088.516746,750,180,0,0,4930,5300,46000,0,258800,88930
"X17780",6655.8875408,51,16,71953.748006,500,8000,0,400,253900,13000,112000,0,28000,378900
"X21100",3253.9699381,49,14,90456.140351,0,10000,1e+05,3e+05,903000,9300,109000,0,34000,1093300
"X4310",9939.8328637,34,17,47283.891547,1500,0,0,0,2800,7700,25000,0,147100,3400
"X2010",8301.2130917,49,12,38032.695375,500,700,0,0,1200,3000,20000,0,1e+05,24200
"X8785",6388.3726008,55,12,48311.802233,2000,0,0,0,406000,28800,80000,0,0,787800
"X1045",7700.3724397,56,9,34948.963317,500,5000,0,3000,8500,6700,62000,0,23720,76480
"X2935",8045.5847125,76,12,24669.856459,1500,0,0,0,1500,0,70000,0,0,71500
"X11195",7192.3658701,21,12,46255.980861,0,0,0,120000,135000,2200,0,0,2300,134900
"X110356",9078.7938006,85,12,20558.213716,0,0,0,0,51400,2500,60000,0,0,113900
"X3410",6611.1225603,50,16,67842.105263,10,700,0,1,88711,25600,62000,0,38700,175611
"X17765",6235.1707436,83,15,7812.1212121,2000,0,0,0,12000,4500,0,0,0,16500
"X9175",3265.4867906,46,16,71953.748006,1000,1200,10000,0,22200,31900,25000,0,107700,46400
"X6395",5644.9879559,28,12,26725.677831,0,300,0,5700,19000,12000,0,0,520,30480
"X485",5154.0602794,49,16,19530.30303,0,0,0,0,5400,12600,0,0,4140,13860
"X870",1173.935431,40,16,80177.033493,1640,4100,0,1700,52440,50700,149000,0,174000,208140
"X9220",4897.5131145,37,9,12334.92823,40,0,0,0,40,0,0,0,300,-260
"X1920",7487.6105415,63,12,12334.92823,400,0,0,0,400,6300,28000,0,1600,33100
"X19230",8742.7098542,63,15,27753.588517,1850,0,80000,75000,169350,18200,3e+05,0,0,487550
"X18475",2133.9749578,67,17,53451.355662,4000,0,421000,375000,875950,9100,240000,0,0,1125050
"X5895",5446.1082541,45,7,17474.481659,0,520,0,0,1120,1700,0,0,0,2820
"X3695",10109.21361,49,17,76065.39075,2000,500,0,0,40100,5900,8000,0,169000,54000
"X17075",7726.8088454,31,17,63730.46252,0,5000,0,0,126500,13000,10000,0,96700,92800
"X21685",6899.7142764,37,13,21586.124402,800,0,0,0,800,13900,23000,0,39200,24500
"X10410",5134.3239615,25,16,50367.623604,0,300,0,0,18300,15000,0,0,0,86300
"X1350",5540.6097489,31,13,12334.92823,0,0,0,0,0,0,0,0,0,0
"X18760",5988.3061941,43,17,71953.748006,500,0,0,0,61400,17000,124000,0,303000,487900
"X3405",5303.8925631,27,16,26725.677831,510,15,0,0,825,13000,0,0,28800,-14975
"X12035",5803.8740554,35,12,46255.980861,770,0,0,0,1170,8900,28000,0,108800,26270
"X305",6313.97742,47,14,68870.015949,2000,16100,5500,0,223800,16200,60000,0,0,3e+05
"X17850",7666.5599539,72,12,185023.92344,3500,0,0,0,83500,13000,201000,0,129700,416800
"X4110",1503.1836353,38,16,1541866.0287,0,0,1530000,3e+05,3577000,188000,1400000,0,4e+05,5465000
"X4605",6478.4991102,62,12,19530.30303,1800,15000,0,0,16800,10900,1e+05,0,0,127700
"X12555",4686.207602,25,11,26725.677831,0,0,0,0,0,0,0,0,0,0
"X5915",3330.3623243,54,17,332015.15152,15000,23500,125000,0,478500,0,410000,0,290000,2278500
"X22035",4823.137638,58,1,6578.6283892,0,0,0,0,0,0,0,0,0,0
"X6930",5808.7162505,31,12,58590.909091,12000,16500,0,5500,64000,8000,50000,0,128200,303800
"X17060",10597.798361,80,10,23641.945774,4800,0,0,0,13800,17000,143000,0,0,173800
"X13760",6133.1492639,57,12,53451.355662,50,18700,0,0,71750,50600,1e+05,0,10000,517350
"X5825",6661.3143642,56,16,31865.23126,1300,0,0,0,1300,11600,0,0,0,12900
"X34057",5303.8925631,27,16,26725.677831,510,15,0,0,825,13000,0,0,28800,-14975
"X20180",8410.7240213,61,15,101763.15789,450,0,0,0,3350,49700,10000,0,156300,39750
"X21130",11097.53422,78,12,15418.660287,310,0,0,0,310,4400,83000,0,0,87710
"X12205",4681.8402544,46,14,12334.92823,0,0,0,0,0,0,0,0,30000,-30000
"X1265",9929.1221844,77,12,25697.767145,0,0,0,0,7300,9100,85000,0,9100,94300
"X13645",10246.947402,81,12,44200.15949,51000,0,0,0,108000,17500,2e+05,0,0,325500
"X905",7456.1502522,23,11,12334.92823,700,0,0,0,700,0,0,0,0,700
"X21995",5929.3157697,83,12,10279.106858,300,6000,0,0,36300,0,0,0,60,36240
"X6975",9338.9336713,78,16,24669.856459,0,1100,0,0,1100,7600,0,0,870,7830
"X16450",5872.4153198,40,12,22614.035088,2500,120,0,0,20920,12000,0,0,20700,12220
"X14840",5671.0346753,80,13,15418.660287,3700,3300,0,0,7000,0,0,0,0,7000
"X8300",6136.6248255,46,14,52423.444976,1700,6150,0,0,348950,27200,25000,0,126500,370650
"X645",2797.2649086,52,17,192219.29825,2000,2000,0,0,132000,27000,195000,0,155000,1074000
"X2770",7022.5453795,62,16,47283.891547,2700,2000,0,0,11400,6300,115600,0,41400,96300
"X147508",7029.1678929,29,16,37004.784689,400,100,0,0,9200,2300,12000,0,62000,19500
"X1540",6385.0040332,35,11,40088.516746,320,3240,0,0,3560,13000,2000,0,91140,3420
"X19435",5019.3357005,27,11,5961.8819777,0,0,0,0,0,0,0,0,0,0
"X6765",9419.1195706,72,16,30837.320574,400,0,0,0,10400,38800,32000,0,76200,73000
"X54259",10038.826299,40,12,113070.17544,3000,1500,0,8300,22800,21800,80000,0,220300,124300
"X19980",7630.0979163,86,17,37004.784689,10000,20000,0,0,45000,13000,1e+05,0,0,158000
"X54010",6746.536873,45,12,40088.516746,750,180,0,0,4930,5300,46000,0,258800,88930
"X21890",6316.2725706,39,12,87372.408293,1000,15650,0,0,200650,38400,60000,0,176000,263050
"X1220",8765.8772167,76,8,23641.945774,0,18000,0,0,23200,2900,27000,0,0,53100
"X16615",837.30981495,46,16,153158.69219,5000,0,0,750000,1107000,43700,179000,0,103400,1622300
"X16905",11386.752961,76,16,28781.499203,5600,6800,48000,1e+05,680430,9900,2e+05,0,0,1020330
"X9050",1101.0772011,46,17,223056.61882,0,0,80000,14000,780200,33000,360000,0,135000,1577800
"X21165",5386.462245,40,14,71953.748006,0,110000,135000,0,426300,79200,60000,70000,143000,632500
"X16350",5073.3725775,26,11,5653.5087719,0,0,0,0,0,0,0,0,0,0
"X14085",5169.3498256,56,14,35976.874003,200,0,0,0,200,11000,0,0,12500,-1300
"X11465",5134.4672073,54,12,68870.015949,400,900,0,0,1600,12800,0,0,800,13600
"X12610",1725.2995248,60,14,20558.213716,20000,0,0,0,30000,23100,4e+06,120000,0,4173100
"X785",5496.3173362,24,16,30837.320574,1000,0,0,0,18900,24700,0,0,38000,20600
"X14485",6354.0137228,45,13,17474.481659,1500,360,0,0,1860,9300,31000,0,42200,41960
"X8580",7333.3379667,40,12,39060.606061,1000,0,0,0,101400,6700,24000,0,66300,128800
"X10340",6355.6933453,25,14,67842.105263,500,0,0,0,500,33000,27000,0,93000,35500
"X20855",5483.6654369,75,8,6270.2551834,200,450,0,0,650,0,0,0,0,650
"X5420",7143.7854765,43,15,58590.909091,50,1960,1500,0,12310,13700,-7000,0,168930,-32920
"X1200",7770.1209633,49,12,66814.194577,1200,4900,0,0,68700,18600,77000,0,2400,161900
"X13395",6239.690628,29,11,125405.10367,2000,7000,0,6000,39500,39600,60000,0,274000,145100
"X10230",7426.1415301,49,14,30837.320574,0,10000,0,0,10000,10000,159000,0,41000,179000
"X17945",10038.826299,39,17,37004.784689,700,580,0,0,8960,5200,11000,5100,192650,-101390
"X565",6382.7942733,47,12,10279.106858,300,0,0,0,300,6700,0,0,1200,5800
"X18070",7659.5207074,88,7,16446.570973,900,2700,0,2000,39300,1500,160000,0,0,200800
"X509511",7620.1134738,74,12,48311.802233,3500,0,0,0,60100,9600,333000,0,0,402700
"X8940",5120.7297949,43,12,54479.266348,3500,15000,0,0,29000,17500,0,0,9800,36700
"X11575",9604.9903177,66,17,43172.248804,1400,0,0,3600,154000,4000,211000,0,9950,368050
"X1213512",7998.0705317,68,16,104846.88995,14600,7100,0,35000,67650,38900,108000,0,181400,168850
"X14770",8130.4051509,44,14,96623.604466,1800,3800,0,0,81950,28200,62000,0,139000,151150
"X22015",6105.5578607,54,14,14390.749601,1000,1300,0,0,44800,20800,125000,0,13200,277400
"X4965",5025.3417196,49,10,0,0,0,0,0,0,3600,0,0,15000,-11400
"X1660",8149.6942401,44,13,62702.551834,2500,6000,0,0,148000,15000,133000,0,23800,272200
"X20795",6880.3630344,19,13,19530.30303,470,40,0,4000,4510,5500,0,0,4200,8910
"X2045",7719.5388359,21,13,35976.874003,2000,0,0,0,2000,27000,6000,0,195800,-1800
"X10235",9916.6979766,85,16,24669.856459,1,0,0,180000,395201,0,4e+05,0,5000,790201
"X12060",7335.8692173,23,12,22614.035088,100,120,0,0,220,4400,0,0,900,3720
"X5680",8288.441228,57,14,129516.74641,4900,5000,0,0,203700,31100,27000,50000,253610,294190
"X20215",5133.1926532,52,12,19530.30303,2250,410,0,0,43660,9500,0,0,12000,41160
"X15375",7898.4771145,80,6,17474.481659,0,2500,0,0,3200,6400,20000,0,0,29600
"X10740",9507.0043479,78,5,7709.3301435,0,0,0,0,0,0,102000,0,28600,101400
"X4160",4372.7256302,68,16,76065.39075,7000,0,163000,112000,389500,0,3e+05,0,30000,714500
"X310",5950.2488157,40,12,21586.124402,2000,500,0,0,2500,2000,0,0,600,3900
"X3235",6509.0381593,57,12,51395.53429,700,2200,0,0,6200,20100,70000,0,24670,91630
"X21055",8250.074878,67,12,12334.92823,10220,0,0,0,104220,3900,135000,0,7000,254120
"X2620",5284.046558,28,12,0,0,0,0,0,0,0,0,0,0,0
"X1600",4660.6241594,37,17,75037.480064,2500,220,0,0,35820,0,0,5000,5860,34960
"X1751513",6220.5889817,48,16,41116.427432,2000,5000,0,0,37000,5000,115000,0,21200,155800
"X5765",6225.742202,59,14,41116.427432,0,0,0,0,0,2000,0,0,650,1350
"X16945",6440.1730088,79,12,39060.606061,27000,15000,0,0,413300,20800,90000,0,180,553920
"X20830",236.79433876,57,17,429666.66667,0,0,150000,0,320000,7600,60000,0,580000,7547600
"X10105",10483.66851,65,17,35976.874003,0,0,0,9000,412500,21000,12000,0,187600,420900
"X4895",8641.025818,36,12,30837.320574,400,700,0,0,63100,9980,18000,0,62000,91080
"X9895",4920.1955258,55,14,14390.749601,0,0,0,0,0,0,0,0,0,0
"X10650",7902.0619588,48,12,19530.30303,100,0,0,0,100,2600,40000,0,0,42700
"X8705",6661.6100685,54,12,85316.586922,2500,500,0,0,88000,32100,125000,0,25800,219300
"X1490",7291.4425144,85,12,82232.854864,16000,0,0,0,68000,21600,29088,0,0,629600
"X341014",6611.1225603,50,16,67842.105263,10,700,0,1,88711,25600,62000,0,38700,175611
"X1408515",5169.3498256,56,14,35976.874003,200,0,0,0,200,11000,0,0,12500,-1300
"X16235",7640.4959186,28,13,106902.71132,1200,2420,0,0,8370,52000,9000,0,89400,32970
"X2201516",6105.5578607,54,14,14390.749601,1000,1300,0,0,44800,20800,125000,0,13200,277400
"X17115",6487.3485408,43,15,57562.998405,2500,4600,0,1000,9100,27700,49000,0,16500,144300
"X22110",8414.4991634,38,12,56535.087719,1500,1750,0,0,41450,9800,20000,0,111800,62450
"X5075",8472.5535674,78,11,75037.480064,8600,950,0,0,9550,6600,87000,0,0,103150
"X3895",6208.4333566,54,16,83260.76555,16300,0,62700,56000,515650,20580,346000,0,54080,882150
"X18550",6467.8823651,41,14,152130.7815,150,0,0,0,4850,15010,77000,0,56910,82950
"X1998017",7630.0979163,86,17,37004.784689,10000,20000,0,0,45000,13000,1e+05,0,0,158000
"X10815",5992.9396406,56,12,28781.499203,900,560,0,0,8960,9700,90000,0,0,148660
"X130",6832.8261494,50,17,64758.373206,1100,14700,0,0,67800,10000,185000,0,40080,497720
"X15700",9210.3634997,42,17,115125.99681,5600,1900,0,0,43950,62000,41000,0,190500,103450
"X10560",7091.0392534,78,6,8223.2854864,660,0,0,0,660,3700,0,0,0,4360
"X8180",7339.2601624,55,12,15418.660287,0,0,0,0,9500,2600,20000,0,0,32100
"X6115",7434.1714582,55,13,61674.641148,2000,1000,0,0,58000,7300,0,0,9850,55450
"X11495",9240.9039887,44,16,81204.944179,5700,2200,0,8800,182500,17100,47000,0,97100,222500
"X17710",8507.0410183,77,9,23641.945774,13000,0,10000,80000,187500,24000,125000,6000,0,342500
"X10510",7534.6362609,19,12,5653.5087719,0,0,0,0,0,0,0,0,0,0
"X10990",5651.0074404,45,11,35976.874003,2400,0,0,1200,12500,11200,18000,0,31100,38600
"X13300",5711.5574545,59,12,16446.570973,100,70,0,0,5220,5200,30000,0,93340,37080
"X19315",6143.5716567,37,12,25697.767145,1600,5,0,0,5605,11100,15000,0,72500,24205
"X10685",7444.5160793,45,12,23641.945774,0,0,0,0,0,3400,0,0,2500,900
"X19330",6984.1467461,48,14,71953.748006,2000,5600,0,15000,188600,7300,60000,13000,101200,267700
"X16260",6003.7896494,46,10,6167.4641148,0,10,0,0,10,2100,0,0,0,2110
"X13945",9197.4307316,35,9,34948.963317,1500,5100,0,0,13600,7900,0,0,98000,18500
"X2330",6659.732174,46,17,20558.213716,1000,400,6000,40000,109400,14000,95000,0,100110,288290
"X12080",5664.1469055,20,14,21586.124402,700,0,0,0,760,6100,0,0,11770,-4910
"X16900",3237.7454905,69,17,415275.91707,234400,0,0,1e+06,2940400,60900,4e+05,0,124000,3697300
"X1080",11386.752961,31,17,55507.177033,810,45000,0,0,108810,33000,52000,0,41300,320510
"X19180",2812.2327165,53,16,87372.408293,0,80350,236000,20000,867350,41500,301000,0,137000,1196850
"X2925",6746.536873,38,16,149047.04944,2000,15000,0,0,561000,13000,182000,9000,168000,765000
"X7555",7486.246881,62,12,35976.874003,7500,0,42000,0,131900,4900,80000,0,0,216800
"X16600",8180.4213231,57,17,166521.5311,3000,2700,0,0,85700,37900,122000,0,36300,317300
"X16795",7270.1531468,37,12,65786.283892,400,50,0,0,8450,38000,5000,0,152250,36200
"X16545",7485.1323865,60,12,44200.15949,2000,1500,0,0,132500,17900,110000,0,8050,252350
"X20245",6984.712351,25,12,56535.087719,2000,0,0,0,2000,22700,3000,0,36490,15210
"X9180",6503.6143318,32,17,87372.408293,0,5500,4000,50000,137000,36400,33000,0,102500,185900
"X16480",9494.7847438,76,14,69897.926635,1500,0,173000,1e+05,448100,38100,239000,50000,16000,825200
"X17355",11253.990404,57,12,66814.194577,1610,400,0,0,67010,30000,490000,0,120000,527010
"X5875",7786.5650106,80,10,8326.076555,6000,1000,0,0,7000,1300,40000,0,0,48300
"X16145",7168.1489212,45,14,50367.623604,0,3000,0,2500,26200,11000,137000,0,40500,171700
"X21770",5079.5219364,62,8,7298.1658692,0,0,0,0,0,0,0,0,0,0
"X11820",5689.9210027,38,16,69897.926635,2501,1200,48000,0,298601,18000,44000,0,91000,360601
"X9390",7393.9024167,65,16,14390.749601,1000,3000,2000,2000,50000,2500,59000,0,0,111500
"X12520",6332.1609498,67,10,14390.749601,6000,0,0,0,6000,0,0,0,0,6000
"X12040",11386.752961,76,16,37004.784689,2500,11000,0,38000,128500,18000,3e+05,0,0,637500
"X8890",10431.846514,50,11,114098.08612,15000,0,0,8300,27700,37300,17000,0,98300,83900
"X150",6767.4427939,29,13,47283.891547,100,0,0,7000,7100,14000,10000,0,45330,29770
"X4600",7132.4825599,66,7,34948.963317,1500,800,0,0,21300,64000,72000,0,28000,183300
"X12490",7344.0563426,70,12,13362.838915,40,0,0,0,1540,6300,16000,0,42800,20040
"X5640",8473.5305218,43,12,17474.481659,0,1700,0,0,11200,2900,31300,0,5700,45400
"X1758518",6373.691711,52,17,57562.998405,1000,0,0,0,92100,22000,43000,0,92000,148900
"X3105",1720.8496674,54,17,444057.41627,0,0,3900000,1e+05,7885000,92000,9e+05,0,0,9102000
"X1070019",6501.270854,83,14,58590.909091,0,0,330000,275000,640000,22000,1e+05,0,0,836000
"X7035",8463.5537332,49,16,54479.266348,0,0,0,0,26000,2500,63000,0,114000,124500
"X19950",4181.7755899,53,16,243614.83254,8300,3010,0,2300,949410,38100,30000,0,148750,1183760
"X12835",4692.9691006,39,12,40088.516746,1500,15,0,0,2515,5700,0,0,9540,22675
"X12050",5651.0074404,48,12,67842.105263,2500,2800,0,0,5300,9100,-2000,0,84400,12000
"X12605",7292.5295041,48,14,116153.9075,2800,410,0,0,80210,48900,25000,0,119700,99410
"X16605",10121.858217,74,14,67842.105263,6500,0,0,0,48500,21000,225000,0,0,294500
"X100",6078.508739,65,9,7914.9122807,0,0,0,0,0,0,0,0,0,0
"X21095",6777.8412204,51,14,76065.39075,600,0,0,0,386100,24300,70000,0,142560,454840
"X9640",8069.929106,52,12,35976.874003,400,0,0,0,14500,1200,21000,0,69260,36440
"X18820",1099.8573125,50,17,248754.38596,237500,250000,0,2200,2251700,121000,301000,2500000,157050,5165650
"X20565",11386.752961,40,17,193247.20893,5000,1000,0,23000,384360,30900,148000,0,187000,478260
"X13035",8220.9304216,83,14,81204.944179,7000,193000,0,0,449800,19600,175000,0,0,644400
"X15555",307.38223852,48,16,176800.63796,5200,1000,650000,0,2187200,179000,170000,2500000,0,13036200
"X8315",6657.7220286,69,16,51395.53429,1000,115000,0,10000,286000,8000,3e+05,0,0,664000
"X990",6273.6366188,28,11,69897.926635,3000,0,0,0,13500,15700,6000,0,91100,33100
"X19305",4792.561442,47,17,93539.872408,5400,0,0,15000,20400,0,0,0,0,70400
"X14165",8909.1588497,54,14,69897.926635,2500,0,28000,62000,398500,15500,0,0,0,564000
"X1785",9471.2816414,63,12,21586.124402,2300,0,0,0,17300,5400,95000,0,26000,118700
"X22045",3394.2432441,68,12,80177.033493,2000,15000,0,25000,42000,12000,101000,0,42000,137000
"X31520",5870.6340128,40,12,42144.338118,400,0,0,0,5400,21000,8000,0,58640,17760
"X21535",8618.8325084,66,12,9765.1515152,550,5600,0,0,71150,4000,39000,0,11000,114150
"X8005",7407.0568959,45,17,51395.53429,8000,0,0,0,60000,2000,0,0,0,132000
"X21855",5619.8455048,28,14,56535.087719,1600,1430,0,0,3230,4000,0,0,3800,78430
"X2965",8016.8138726,54,16,92511.961722,1100,400,11000,10000,93500,11600,33000,0,67930,137170
"X19925",8390.7838184,38,12,35976.874003,3500,77000,63000,0,150700,18600,85000,0,7400,246900
"X21305",7544.4667598,35,5,10279.106858,0,0,0,0,0,0,0,0,0,0
"X11315",11291.181493,63,17,75037.480064,7200,6200,0,45000,1450900,18400,173800,20000,1200,1663100
"X2870",6938.156353,37,8,16446.570973,0,200,0,0,200,16300,15300,0,3700,31800
"X7845",5128.3639063,24,9,37004.784689,200,0,0,0,200,21000,-9000,0,72200,-16000
"X11325",9377.8583512,41,13,80177.033493,200,2200,0,300,30700,29000,39000,0,113400,55300
"X7135",6633.8745169,24,14,32893.141946,1700,0,600,0,28300,0,0,0,21900,6400
"X1223521",5988.0416503,26,16,61674.641148,3000,0,0,0,16000,16000,0,0,31000,1000
"X19955",5867.5632099,55,12,43172.248804,7000,0,62000,0,87600,6800,235000,0,0,329400
"X12115",4344.4524704,36,13,25697.767145,0,2000,0,0,27500,0,0,0,1900,25600
"X20770",4390.4068354,26,10,10279.106858,0,0,0,0,2000,5600,0,0,0,7600
"X695",7345.0839654,45,12,39060.606061,0,0,0,0,1200,4300,0,0,15570,-10070
"X11320",10038.826299,41,16,128488.83573,5000,0,0,20000,85000,33400,65000,0,90000,183400
"X7080",6071.8607758,61,12,27753.588517,1300,0,330000,90000,464300,22000,138000,0,0,624300
"X21705",6325.1681468,42,12,20558.213716,0,0,0,0,2000,17500,6000,0,0,25500
"X10855",7418.4264656,50,14,102791.06858,5300,1700,0,0,51700,55500,288000,0,201410,355790
"X6340",7390.7141863,46,16,82232.854864,2000,100,0,0,20100,28600,64000,0,169000,99700
"X17450",7513.2425649,57,12,11307.017544,0,0,0,0,0,2600,0,0,0,2600
"X2895",8886.6097224,83,12,13362.838915,1,1000,0,0,1001,0,1000,0,550,1451
"X8115",8155.4621688,78,17,98679.425837,7000,0,140000,0,716000,5700,2e+05,0,0,921700
"X430",4603.5133284,35,14,88400.318979,810,6000,20000,0,93810,0,0,0,30200,63610
"X1027522",5933.3748403,43,16,144935.4067,7700,15300,17000,17000,274000,26500,106000,5000,180600,404900
"X387023",7560.2604401,63,12,29809.409888,1500,0,0,0,78700,9400,20000,0,9800,98300
"X13920",6330.8427089,47,12,24669.856459,700,0,0,0,700,12000,0,0,12190,510
"X3160",4384.6391641,46,13,33921.052632,300,0,0,0,300,2300,0,0,100,2500
"X19125",3276.5295281,59,13,154186.60287,2700,0,0,10000,527700,44000,145000,0,30200,1066500
"X21480",1832.446115,60,14,431722.48804,220000,0,990000,156000,1953150,44500,7e+05,220000,0,3427650
"X13180",4989.6261136,47,12,32893.141946,750,0,0,0,750,4200,0,0,2180,2770
"X7970",9005.8034451,88,10,16446.570973,11000,0,0,0,111000,2500,125000,0,0,238500
"X11435",9493.2555436,52,15,100735.24721,0,4100,0,0,19100,25500,38000,0,118100,81500
"X16800",6750.166948,23,13,15418.660287,200,0,0,0,200,0,0,0,160,40
"X5575",6212.7090471,86,12,18502.392344,100,0,0,0,100,7300,550000,0,0,557400
"X9880",4017.0656267,33,12,29809.409888,700,0,0,0,700,0,0,0,0,700
"X13440",5195.9142888,53,8,9765.1515152,10,0,0,0,10,1200,0,0,330,880
"X17370",5668.8620276,46,12,32893.141946,600,0,0,0,600,17400,60000,0,141200,66800
"X17200",10178.691488,76,12,26725.677831,1000,5000,0,0,6000,13200,250000,0,0,269200
"X3905",6746.536873,41,17,183996.01276,15800,18000,0,60000,365800,48000,428000,0,123800,850000
"X14000",7172.7607463,29,12,4214.4338118,0,0,0,0,0,0,0,0,0,0
"X9710",5155.4647812,54,12,15418.660287,1600,0,0,0,4600,0,0,0,5000,-400
"X5300",6574.6564544,76,12,42144.338118,8500,5200,86000,1e+05,282700,13000,1e+05,0,0,395700
"X12985",8867.1917485,40,12,24669.856459,1200,0,0,0,1200,13820,77000,0,25700,691320
"X2007524",10164.968737,56,14,37004.784689,1000,0,0,0,30000,7100,170000,0,11030,196070
"X15575",6836.0440912,39,9,32893.141946,2000,0,0,0,4000,4500,112000,0,98200,120300
"X4245",8696.1124431,67,12,20558.213716,400,0,0,0,400,101900,91000,0,11800,190500
"X21505",5686.0634809,43,12,29809.409888,0,0,0,0,0,10100,0,0,1200,8900
"X4215",7936.4546553,22,15,8223.2854864,0,30,0,0,530,0,0,0,10000,-9470
"X12535",11794.40725,78,12,14390.749601,700,0,0,0,700,3800,165000,0,1200,168300
"X16475",9521.920047,75,10,10279.106858,6800,0,0,0,6800,6300,60000,0,0,73100
"X4570",6836.3887798,53,13,10279.106858,50,0,0,0,50,17400,32000,0,40100,37350
"X15300",8124.9061641,45,12,10279.106858,0,0,0,0,0,0,10000,0,600,9400
"X18200",6704.2828116,40,12,121293.46093,810,1400,0,50000,76210,27400,28000,0,68080,131530
"X2325",7803.2246699,45,15,113070.17544,4900,2000,12000,1000,214900,23700,215000,0,151600,527000
"X3430",4850.2391951,61,2,35976.874003,0,1000,0,0,435900,14100,62000,0,3000,512000
"X7495",6984.712351,32,10,12334.92823,300,0,0,0,300,4100,31000,0,0,35400
"X489525",8641.025818,36,12,30837.320574,400,700,0,0,63100,9980,18000,0,62000,91080
"X1680026",6750.166948,23,13,15418.660287,200,0,0,0,200,0,0,0,160,40
"X21375",7709.7568629,42,14,101763.15789,1000,4201,1400,170000,176601,35500,0,0,33200,178901
"X11115",6525.0951878,64,9,21586.124402,800,0,0,0,14800,12500,1000,0,64000,19300
"X5220",5976.1949667,26,16,30837.320574,6000,0,0,1000,22000,6900,0,0,1000,27900
"X1488027",5711.2391742,52,12,94567.783094,2150,2610,0,0,6340,9900,106000,0,49000,98240
"X21940",6131.7346767,46,12,167549.44179,2530,0,7000,0,18230,15900,174000,0,13700,194430
"X1364528",10246.947402,81,12,44200.15949,51000,0,0,0,108000,17500,2e+05,0,0,325500
"X21040",5845.6749205,25,16,25697.767145,50,0,0,0,11130,16000,0,0,29000,-1870
"X7125",6563.5800848,49,13,31865.23126,0,600,0,0,39000,36000,70000,0,27710,117290
"X8670",5196.589306,21,12,7195.3748006,400,110,0,0,510,11200,0,0,10100,1610
"X10640",6599.9745578,47,12,136712.12121,1500,0,0,0,231500,40600,30000,0,118250,260850
"X18375",3907.1193382,26,12,29809.409888,1000,2500,0,0,3600,11000,0,0,11220,3380
"X20845",7247.0972913,25,12,35976.874003,2400,205,0,2500,6505,20100,4000,0,124900,-18295
"X595",6578.6259012,51,17,162409.88836,5000,27000,0,3000,685000,17500,137000,0,38000,839500
"X1455",5851.6456037,43,16,103818.97927,1000,0,8000,0,227000,15700,184000,0,74200,491000
"X8760",4733.7759037,81,4,4625.5980861,0,0,0,0,0,0,0,0,0,0
"X626029",3036.6356992,44,14,177828.54864,0,0,50000,85000,379000,31000,389000,0,254400,794600
"X8475",11291.181493,53,17,137740.0319,0,2000,350000,150000,631500,30700,5e+05,0,0,1162200
"X3085",6093.4654258,30,14,54479.266348,300,2000,15000,0,30600,23700,12000,0,56300,58000
"X9285",3597.7161469,67,16,129516.74641,4000,70000,50000,3e+05,1805000,14000,750000,0,0,2569000
"X6940",7270.8123579,49,13,48311.802233,1200,180,0,0,3580,9800,25000,0,84800,29580
"X557530",6212.7090471,86,12,18502.392344,100,0,0,0,100,7300,550000,0,0,557400
"X16710",7779.0121155,64,12,6167.4641148,4500,0,0,0,4500,20200,44000,0,850,67850
"X15515",5222.0283532,20,12,14390.749601,20,0,0,0,20,0,0,0,0,20
"X3530",4372.7256302,48,16,102791.06858,3200,0,24000,0,108200,12000,130000,0,120000,250200
"X6860",5487.6011202,43,12,52423.444976,0,0,0,0,2300,0,0,0,0,2300
"X14630",4457.1984806,34,12,31865.23126,1100,80,0,0,6180,9900,0,0,4500,11580
"X14705",9293.5924541,76,14,28781.499203,27000,0,0,0,72760,11000,90000,0,0,173760
"X13010",4911.3896502,30,12,70925.837321,8800,5000,0,0,13800,0,0,0,250,13550
"X1792031",6764.6423987,57,12,25697.767145,1600,900,0,0,111500,11000,88000,0,32340,200160
"X12705",5259.2512427,65,11,25697.767145,2000,5000,0,0,60030,32500,4e+05,0,8200,484330
"X9870",5335.8581173,30,12,44200.15949,500,0,0,0,3000,36800,0,0,21000,18800
"X17305",6237.3653787,32,15,55507.177033,1150,1500,0,0,8950,19200,10000,0,75000,33150
"X21595",7445.0777625,82,12,20558.213716,0,2000,0,2000,5000,0,2000,0,75400,-400
"X13725",7519.7319605,55,11,27753.588517,0,700,0,4000,24220,10000,70000,0,21000,103220
"X10040",7735.4995912,88,13,11307.017544,0,0,0,0,0,0,88000,0,0,88000
"X7005",5575.5339974,52,10,41116.427432,0,1000,0,0,29000,16000,58000,0,32900,172100
"X3760",5696.2367325,41,12,29809.409888,5000,120,0,0,42720,24000,0,0,8100,58620
"X14910",5933.3748403,43,16,308373.20574,4000,1e+05,202000,0,473000,33000,147000,0,222000,624000
"X13365",9269.3339333,55,9,6270.2551834,0,10,0,0,10,5000,75000,0,0,80010
"X11410",5960.057893,33,16,119237.63955,2400,0,0,0,2400,3800,261400,0,67600,267600
"X12220",2814.9047194,36,16,855221.69059,60000,230000,350000,0,992100,88000,250000,60000,250000,2390100
"X18420",7029.1678929,31,13,80177.033493,1550,0,0,3000,24450,23100,17000,21000,93000,70550
"X9005",7842.3749025,40,15,21586.124402,0,0,0,0,100,3200,0,0,10000,-6700
"X11855",7333.3379667,38,12,12334.92823,200,0,0,7000,7200,0,-3000,0,143500,-16300
"X21405",3960.9947972,55,11,30837.320574,0,0,0,0,0,1800,0,0,0,1800
"X21260",9441.6518145,64,12,28781.499203,600,0,0,0,14600,9100,30000,0,600,53100
"X8020",4444.7729993,55,17,8634.4497608,0,500,0,0,500,0,0,0,0,500
"X10370",7938.8327531,34,14,49339.712919,500,550,0,0,4650,5800,10000,0,94100,16350
"X15255",7597.5727563,73,3,23641.945774,3000,0,0,0,3000,8200,50000,0,2000,59200
"X12735",5620.7654528,43,12,72981.658692,1500,0,0,0,45500,18000,153000,0,75300,198200
"X2635",8359.0938774,58,17,57562.998405,2000,6000,0,0,133200,28400,32000,0,55000,208100
"X4765",6452.8206649,37,14,13362.838915,140,0,0,0,11740,9000,0,0,0,25740
"X20295",6316.2725706,38,16,82232.854864,500,200,3000,12000,62200,13000,16000,0,171600,533600
"X4030",5316.4354011,44,12,1233.492823,0,0,0,0,0,3900,0,0,1100,2800
"X21360",9418.0636919,31,11,69897.926635,0,2330,0,0,3730,22300,59000,0,220300,75730
"X858032",7333.3379667,40,12,39060.606061,1000,0,0,0,101400,6700,24000,0,66300,128800
"X15240",11386.752961,30,17,125405.10367,2800,800,1e+05,15000,159600,47000,73900,0,297100,389500
"X1052033",4336.528122,25,14,26725.677831,800,1500,0,0,2300,0,0,0,600,1700
"X8230",2913.2891241,66,16,237447.36842,105000,0,0,375000,5358500,49500,4e+05,0,10000,5843315
"X6565",6185.1675709,45,17,51395.53429,590,5500,22000,0,87890,19400,71000,0,79000,178290
"X8210",8582.8214329,69,8,21586.124402,0,4000,0,0,4000,14500,75000,0,300,93200
"X16370",7369.816718,55,12,12334.92823,2000,0,0,0,16300,0,0,0,52200,34100
"X2495",5634.0684234,68,13,46255.980861,4500,15000,0,0,19500,6000,0,0,150,25350
"X4950",9383.2642086,78,12,21586.124402,3000,700,0,0,79300,9400,89000,0,0,206700
"X20625",3005.5194508,67,17,169605.26316,5000,0,0,0,60000,0,0,0,350000,3360000
"X12640",6976.6009233,38,17,85316.586922,3500,5800,0,0,23300,18000,88000,0,173200,134100
"X16455",9143.1549619,48,16,102791.06858,2000,35000,0,30000,249000,26500,402000,0,186000,979500
"X20670",7144.1291756,36,13,25697.767145,0,0,0,0,50,3500,0,0,6990,-790
"X9855",5315.0495342,28,11,2569.7767145,0,0,0,0,0,0,0,0,0,0
"X7590",6391.5127853,50,12,29809.409888,0,0,0,0,3200,6100,35000,0,45100,39200
"X10390",8251.3463481,82,1,6887.0015949,160,0,0,0,160,0,0,0,0,160
"X6885",4867.2383265,54,17,239503.18979,12700,0,0,0,410000,2000,3e+05,0,18000,694000
"X12630",4832.6968215,87,10,35976.874003,1000,95000,190000,0,360000,0,0,0,0,360000
"X587534",7786.5650106,80,10,8326.076555,6000,1000,0,0,7000,1300,40000,0,0,48300
"X6415",5711.2391742,45,16,97651.515152,1050,10000,0,0,115050,32000,135000,0,11190,270860
"X13800",5809.2267572,72,14,49339.712919,4500,0,184000,0,241500,20500,150000,0,0,412000
"X21210",5990.8378177,39,12,64758.373206,1000,2500,0,0,5500,17000,9000,0,98700,8800
"X20775",5111.3136335,19,14,6887.0015949,700,0,0,0,700,5100,0,0,5000,800
"X16165",6421.3631863,33,16,65786.283892,3500,0,0,1200,7200,59800,30000,0,43400,253600
"X249535",5634.0684234,68,13,46255.980861,4500,15000,0,0,19500,6000,0,0,150,25350
"X18530",5463.0803806,57,17,76065.39075,2500,36000,0,0,57500,15100,135000,0,150410,197190
"X1182036",5689.9210027,38,16,69897.926635,2501,1200,48000,0,298601,18000,44000,0,91000,360601
"X2485",2708.6805496,49,17,61674.641148,400,3000,0,65000,133400,33800,26000,0,127000,1508200
"X16785",10609.357009,74,12,15418.660287,1900,0,0,0,9900,1700,30000,0,0,92600
"X11750",6777.0313367,67,17,104846.88995,10000,22000,3000,0,155000,15100,210000,30000,0,440100
"X3025",6021.0393812,36,14,41116.427432,800,0,0,3500,7100,18000,0,0,29000,-3900
"X3470",6106.0775847,50,12,59618.819777,3000,13900,0,0,19800,18900,75000,0,13000,100700
"X1860",7640.0210007,43,14,97651.515152,4200,1000,0,0,236700,11300,12000,0,325500,422500
"X3920",5952.7512604,28,15,10279.106858,800,0,0,0,800,5500,0,0,10000,-3700
"X19430",8253.7779286,46,12,19530.30303,500,0,0,0,5000,3000,25000,0,0,33000
"X16535",9276.8733215,39,13,26725.677831,200,0,0,200,400,3000,0,0,1240,2160
"X13620",7102.5440765,50,13,32893.141946,1500,5000,0,0,22500,5400,0,0,50,27850
"X17880",7448.2342224,50,14,67842.105263,1700,0,0,0,171700,18300,11000,0,85700,174300
"X4875",8104.8326835,47,15,82232.854864,2000,0,0,50000,220300,29200,60000,0,335000,419500
"X19300",8951.3783811,49,12,7195.3748006,0,1500,0,0,4300,2700,16500,0,10400,21600
"X7075",4214.2722335,27,17,32893.141946,400,0,0,0,7500,0,0,0,32500,-25000
"X15130",1258.07674,58,17,145963.31738,10000,1e+05,1350000,5e+05,2330000,67400,165000,2e+05,110000,3342400
"X13555",7031.0802033,53,17,204554.22648,35000,0,0,0,77000,47000,8000,0,172000,212000
"X8385",5165.9871601,42,12,98679.425837,200,200,0,0,400,20700,0,0,11380,9720
"X831537",6657.7220286,69,16,51395.53429,1000,115000,0,10000,286000,8000,3e+05,0,0,664000
"X1330",6038.9239627,21,12,55507.177033,200,550,0,2300,3940,20600,0,0,32330,1710
"X6710",6046.9947031,44,14,77093.301435,2000,2000,0,0,125000,65200,60000,0,115700,194500
"X6055",3727.8708913,55,16,236419.45774,0,0,0,0,20500,47000,6e+05,0,1800,1065700
"X20455",2617.2981816,46,12,263145.13557,8000,11000,405000,60000,1384000,82000,350000,70000,70000,2643000
"X2025",1782.7151952,44,16,211749.60128,7000,1500,2e+05,70000,558600,43800,441000,0,259000,1307480
"X8485",8332.8959784,69,12,24669.856459,0,0,0,0,50800,4700,18000,0,52050,73450
"X6475",6829.6252492,30,14,42144.338118,1000,0,0,0,1000,0,0,0,10300,-9300
"X4305",3570.0930194,59,14,74009.569378,14000,0,296000,0,1378000,23000,210000,0,0,1611000
"X6900",9220.5449806,71,16,51395.53429,15000,14000,95000,153000,540000,48800,130000,0,0,1018800
"X14525",3787.5753799,39,17,290898.72408,9000,900,0,3e+05,607900,36000,408000,0,468410,1253490
"X3070",5948.8229127,51,16,34948.963317,1000,2620,0,0,55020,6200,36000,0,84500,96720
"X811538",8155.4621688,78,17,98679.425837,7000,0,140000,0,716000,5700,2e+05,0,0,921700
"X1420",5491.3647764,58,16,58590.909091,7000,10000,0,0,104500,0,0,0,0,104500
"X542039",7143.7854765,43,15,58590.909091,50,1960,1500,0,12310,13700,-7000,0,168930,-32920
"X18380",3800.5231324,81,9,101763.15789,36100,1700,135000,1e+05,748800,20200,30000,0,0,1184500
"X4185",9295.7487472,68,16,34948.963317,630,0,0,0,51230,6100,90000,0,0,147330
"X13830",6275.931791,41,14,5139.553429,0,20,10000,0,26020,3200,0,0,14000,15220
"X6590",8483.7783973,51,12,88400.318979,480,3050,0,0,134930,26900,55000,0,141070,195760
"X13340",4841.295688,41,8,32893.141946,1500,0,0,0,10500,4200,0,0,6080,8620
"X5625",673.06475624,35,17,170633.17384,6000,0,7000,0,197000,32600,185000,0,324570,480030
"X9625",8567.4103409,58,14,93539.872408,4100,6000,0,150000,285100,11900,258000,0,30000,597000
"X12020",7758.8189372,75,9,17474.481659,3000,0,0,0,24000,2600,180000,0,0,206600
"X9580",3597.7161469,53,16,170633.17384,10000,30,5e+05,0,527330,12300,212000,0,638000,1751630
"X277040",7022.5453795,62,16,47283.891547,2700,2000,0,0,11400,6300,115600,0,41400,96300
"X50",4662.1601474,32,14,79149.122807,0,2000,0,0,71000,12000,0,0,25110,57890
"X369541",10109.21361,49,17,76065.39075,2000,500,0,0,40100,5900,8000,0,169000,54000
"X7540",5516.1131353,45,13,22614.035088,300,0,0,0,39300,3200,0,15000,0,57500
"X1030",10556.256706,77,12,29809.409888,1000,1000,0,0,2000,0,0,0,0,2000
"X14400",8454.0718773,72,10,4008.8516746,0,0,0,0,0,0,50000,0,0,50000
"X7415",3639.7241981,41,14,29809.409888,0,0,0,2500,61000,6500,96000,0,105300,169200
"X3990",6367.9364327,65,5,12334.92823,0,0,0,0,0,0,0,0,0,0
"X3245",6936.3230413,63,12,53451.355662,3300,0,0,60000,79300,16000,70000,0,0,165300
"X2575",5576.2209015,67,17,65786.283892,3000,200,4000,0,23200,5600,0,30000,142120,751680
"X9105",7529.2121577,60,12,20558.213716,1500,0,0,0,1500,5700,15000,0,17400,34800
"X7985",5978.389494,26,14,89428.229665,2000,0,0,0,3240,48400,63000,22000,118700,158440
"X1300",8554.5639113,79,14,31865.23126,810,5100,0,17000,24910,15000,215000,0,0,254910
"X4760",4867.2383265,39,17,78121.212121,400,0,0,116000,144300,33300,259000,20000,181800,460800
"X16305",6168.6436205,22,12,33921.052632,60,0,0,0,60,2600,0,0,5300,-2640
"X21035",6648.1001241,48,14,45228.070175,0,7500,30000,0,216000,4800,70000,0,80800,290000
"X2905",5929.3157697,75,13,9251.1961722,3000,30000,0,0,43000,0,0,0,0,43000
"X1610",8138.5659472,72,12,25697.767145,11000,8500,0,0,100500,14000,50000,0,2000,162500
"X3490",5496.9281872,56,12,15418.660287,4000,500,0,0,31500,17000,37000,0,93000,335500
"X16585",9117.2509365,21,12,28781.499203,50,0,0,0,50,0,0,0,2300,-2250
"X4145",9942.5214787,66,10,25697.767145,0,0,0,0,30000,4900,30000,0,0,64900
"X3135",7973.0718198,35,12,61674.641148,0,0,0,0,0,14000,94000,0,56000,108000
"X6000",5336.4730092,25,16,20558.213716,1500,3000,20000,0,37500,4300,0,0,0,41800
"X10420",5478.6751281,39,12,51395.53429,0,0,0,0,10000,15000,0,0,0,25000
"X1655",5586.160638,58,14,34948.963317,0,0,0,0,0,10200,32000,0,46900,43300
"X10705",7409.4580819,48,7,12334.92823,4000,0,0,0,4000,0,0,0,0,4000
"X11735",6187.689479,49,16,122321.37161,20000,0,71000,0,388900,48800,230000,0,70000,667700
"X6720",5215.7506554,22,12,18502.392344,1200,500,0,0,1700,4700,0,0,0,6400
"X12680",8925.5407821,27,12,37004.784689,2150,500,0,1000,6150,11700,84000,0,36000,71850
"X7530",10000.026957,66,12,25697.767145,1200,6000,0,0,7200,29200,30000,0,12000,54400
"X7795",6111.3966785,41,13,40088.516746,120,1,0,0,1421,9100,0,0,7800,2721
"X1480",5140.6392723,49,16,29809.409888,1800,21600,0,0,23850,14000,0,0,0,37850
"X21575",6161.6718571,43,2,68870.015949,1740,10500,0,0,227540,29000,1e+05,0,153000,333540
"X2585",9636.8011067,58,10,83260.76555,8000,0,0,0,47000,28100,30000,0,80350,261050
"X16595",7065.6085699,52,6,5550.7177033,0,0,0,0,0,0,0,0,0,0
"X4040",7888.3856796,68,7,14390.749601,100,0,0,0,100,3600,35000,0,150,38550
"X1630542",6168.6436205,22,12,33921.052632,60,0,0,0,60,2600,0,0,5300,-2640
"X16330",6551.0791845,25,16,71953.748006,5000,2740,0,0,12840,4800,0,0,300,17340
"X15665",8384.9107971,36,17,12334.92823,2500,26000,0,21000,72640,24000,60000,0,26900,269740
"X690043",9220.5449806,71,16,51395.53429,15000,14000,95000,153000,540000,48800,130000,0,0,1018800
"X6795",8112.0824799,43,16,121293.46093,300,100,0,0,400,17200,55000,0,109900,222700
"X21350",9864.7351023,68,12,24669.856459,1200,200,0,0,3400,3200,113000,1500,17220,119880
"X6700",1503.1836353,66,16,289870.8134,0,0,275000,88000,658000,21000,155000,0,95000,2343000
"X18665",6813.5821937,45,14,53451.355662,0,5000,0,0,103000,20300,57000,0,63000,180300
"X19580",8548.9431728,29,14,98679.425837,32800,20000,0,20000,192800,44000,37000,1200,72900,240100
"X20130",8003.3653786,32,14,45228.070175,500,1700,10000,2500,16200,26600,6000,0,101100,36700
"X10325",4593.482411,25,15,23641.945774,2300,3420,0,0,5720,6600,0,0,6500,5820
"X4130",3284.932555,35,16,122321.37161,6000,5000,110000,0,798780,23000,72000,0,166000,1403780
"X5475",6092.8720155,57,3,6373.046252,3290,9200,0,0,36990,37900,175000,0,8220,316170
"X1790",7500.1936929,66,12,67842.105263,1300,0,0,0,1500,22900,150000,0,0,196900
"X17480",8048.4219101,41,16,60646.730463,1000,3850,0,0,31650,11600,172000,0,102240,210010
"X12830",5932.7371204,47,12,55507.177033,1100,41000,0,0,52600,21000,0,0,10100,63500
"X1865",6282.7566396,51,9,62702.551834,3500,0,0,0,25500,12800,44000,0,32300,81000
"X768044",7263.7921027,52,12,35976.874003,1700,3000,2000,0,12700,4200,8000,0,92000,24900
"X457045",6836.3887798,53,13,10279.106858,50,0,0,0,50,17400,32000,0,40100,37350
"X11490",8507.8199353,88,12,5756.2998405,2620,12400,0,5000,28720,25000,2e+05,0,0,253720
"X1146546",5134.4672073,54,12,68870.015949,400,900,0,0,1600,12800,0,0,800,13600
"X10180",5948.73537,23,16,20558.213716,2000,100,0,1000,3100,2700,0,0,17500,-11700
"X3910",5973.1357393,35,15,44200.15949,3000,55000,550000,0,647000,7100,0,0,0,786600
"X11565",11386.752961,49,16,100735.24721,2500,450,0,4000,33750,35000,91000,0,147370,291380
"X21825",6245.2758824,24,14,30837.320574,1500,0,0,0,2100,28000,0,0,19600,10500
"X4525",4297.7367124,42,16,17474.481659,1000,0,0,0,1000,2300,0,0,0,3300
"X3060",8414.8911389,76,12,14390.749601,900,0,0,0,1300,1800,48000,0,0,51100
"X9250",7609.5092283,61,10,25697.767145,1000,1100,0,0,269930,11000,10000,0,80000,290930
"X17500",5861.6929081,56,12,53451.355662,21000,20800,0,0,65000,34500,175000,0,450,299050
"X1100",5302.7948124,40,12,35976.874003,0,0,0,0,0,17700,0,0,7000,10700
"X16025",7138.9428919,42,12,56535.087719,1200,1251,0,0,2451,19200,2e+05,0,150000,221651
"X12380",5632.2289746,40,16,66814.194577,1000,1500,0,0,163500,23000,79000,0,147700,263800
"X753547",5532.8459779,23,14,25697.767145,1200,1,0,0,31251,16100,0,0,24700,24951
"X12850",4689.7790073,33,16,61674.641148,3500,5600,0,0,9100,18000,0,0,11240,15860
"X1955548",8909.1588497,47,14,25697.767145,17320,730,0,0,18650,30300,64000,0,125900,383050
"X19775",6366.6586964,81,12,9353.9872408,750,2000,0,0,2750,3000,0,0,0,30750
"X11525",4683.3578533,52,10,8017.7033493,390,0,0,0,391,0,0,0,810,-419
"X2975",9116.008189,72,12,24669.856459,100,500,0,0,600,5000,55000,0,770,60830
"X18895",10098.316536,23,12,18502.392344,2600,0,0,0,2600,6900,125000,0,23600,130900
"X1602549",7138.9428919,42,12,56535.087719,1200,1251,0,0,2451,19200,2e+05,0,150000,221651
"X345",6272.723407,44,9,12334.92823,9200,0,0,0,9620,14000,9000,0,50000,32620
"X490",6976.6009233,44,16,116153.9075,3000,0,0,0,18200,29000,41000,0,259000,88200
"X14580",1435.844771,50,16,488257.57576,10000,0,1e+07,8e+06,22970000,89000,7e+05,0,2000,26208000
"X10875",7706.5913246,41,17,63730.46252,2000,11500,0,0,102500,38000,1e+05,0,78150,222350
"X5270",5113.142609,32,16,21586.124402,40,0,0,0,7390,9800,0,0,31900,-14710
"X9400",8294.9121761,57,14,24669.856459,0,230,0,0,230,3400,40000,0,2360,41270
"X12900",8693.49851,65,15,27753.588517,7200,3200,0,0,51400,15400,90000,0,380,168420
"X4530",8281.4291548,79,12,14390.749601,0,35000,0,0,43500,2400,75000,0,0,120900
"X17670",6587.6319068,42,8,30837.320574,0,0,0,0,0,0,130000,0,0,130000
"X5440",7096.7500367,34,14,54479.266348,300,30,0,0,4330,26700,28000,0,97080,33950
"X8875",4908.0299747,36,12,62702.551834,3000,1030,0,0,138530,41600,41000,0,137250,232880
"X2060",10858.198195,85,11,22614.035088,340,3500,0,0,147940,2800,180000,0,0,330740
"X2153550",8618.8325084,66,12,9765.1515152,550,5600,0,0,71150,4000,39000,0,11000,114150
"X5080",6983.545463,49,12,51395.53429,1500,0,0,0,11500,25100,78000,0,43740,81860
"X12500",7868.53257,45,16,68870.015949,1000,10000,300,22000,61300,43000,133000,0,119000,235300
"X830",5696.639722,28,14,8634.4497608,100,0,0,0,100,0,0,0,0,100
"X495051",9383.2642086,78,12,21586.124402,3000,700,0,0,79300,9400,89000,0,0,206700
"X1304052",5263.6488343,40,13,66814.194577,0,380,0,0,19880,13500,0,0,4400,28980
"X16685",6956.0286703,24,12,30837.320574,300,200,0,0,500,6600,0,0,4800,2300
"X5695",6842.0098222,82,16,17474.481659,1900,0,0,0,145900,14000,55000,0,10180,204720
"X2026553",4733.4575372,40,16,28781.499203,820,400,0,18000,19220,4300,0,0,0,23520
"X215",6221.1911765,53,17,74009.569378,11000,0,0,25000,101050,4700,70000,0,55000,175750
"X7460",9759.8671067,45,12,43172.248804,3200,600,5000,0,77300,24100,5000,0,154000,57400
"X21060",7675.9421248,92,16,9251.1961722,2500,18000,0,0,100500,0,0,0,0,100500
"X3770",6271.7558951,61,12,56535.087719,20000,7000,35000,0,160600,19500,87000,0,0,267100
"X940054",8294.9121761,57,14,24669.856459,0,230,0,0,230,3400,40000,0,2360,41270
"X15320",7356.9559386,61,14,11307.017544,600,0,0,0,7600,9900,0,0,7940,9560
"X96555",5837.2791717,83,12,14390.749601,600,20000,0,0,49600,3400,0,0,20,52980
"X19340",9125.7408221,78,8,18502.392344,0,0,0,0,36000,12000,1e+05,0,0,148000
"X1395",6579.0642744,47,16,35976.874003,1300,500,0,0,1800,20600,0,0,7810,14590
"X939056",7393.9024167,65,16,14390.749601,1000,3000,2000,2000,50000,2500,59000,0,0,111500
"X5245",8229.2596183,61,6,11307.017544,430,0,0,0,1430,8400,32000,0,3080,41750
"X18830",9253.5660869,45,14,22614.035088,450,600,0,0,2650,6000,24000,0,33710,30940
"X15215",6956.5607551,39,16,66814.194577,2000,500,15000,0,72000,19000,58000,0,132400,133600
"X496557",5025.3417196,49,10,0,0,0,0,0,0,3600,0,0,15000,-11400
"X12210",7636.2539567,35,12,24669.856459,0,22000,0,0,23500,5200,0,6000,0,34700
"X17560",9704.9669335,66,12,66814.194577,2500,5000,0,0,17700,24000,69000,0,101930,99770
"X19625",8823.5947815,63,1,17474.481659,4000,14700,0,0,38700,37200,124000,0,21000,199900
"X2530",7480.5052549,41,12,20558.213716,1000,0,46000,500,50000,6100,50000,0,590,105510
"X9075",6474.0923874,41,12,66814.194577,1000,1000,0,0,16000,20000,17000,0,80400,37600
"X1925",8462.7026177,88,11,11307.017544,0,9900,0,0,41450,2200,30000,0,0,73650
"X21010",7610.425243,28,16,59618.819777,0,23000,50000,0,140000,23100,92000,0,0,263100
"X1745058",7513.2425649,57,12,11307.017544,0,0,0,0,0,2600,0,0,0,2600
"X17555",2695.1984694,39,13,42144.338118,700,0,0,0,5700,4200,38000,0,81000,40900
"X2018059",8410.7240213,61,15,101763.15789,450,0,0,0,3350,49700,10000,0,156300,39750
"X5330",2017.1633961,77,16,117181.81818,7000,0,0,1e+05,1574000,61000,1200000,0,0,4275000
"X2150560",5686.0634809,43,12,29809.409888,0,0,0,0,0,10100,0,0,1200,8900
"X2970",4411.1662252,56,12,13362.838915,0,2100,0,0,12600,0,0,0,0,12600
"X19190",9186.7807879,35,17,68870.015949,200,1700,0,0,51900,10000,76000,2000,179200,134700
"X12570",8712.153326,39,17,23641.945774,1200,0,0,0,5450,5300,10000,0,28480,20270
"X1325",6437.8044652,66,12,32893.141946,900,0,200,0,6600,16600,56000,0,90700,481500
"X4195",6522.8860122,33,14,81204.944179,5000,3000,0,0,70000,26600,67000,0,112000,139600
"X20915",2494.8520744,45,12,61674.641148,3000,0,0,0,3000,5000,105000,0,52000,106000
"X14145",6934.1103277,46,12,77093.301435,87800,8400,19600,1000,749300,52900,47000,0,84000,848200
"X13090",5132.5278591,52,16,33921.052632,300,0,0,0,300,4500,0,0,10100,37200
"X2211061",8414.4991634,38,12,56535.087719,1500,1750,0,0,41450,9800,20000,0,111800,62450
"X13062",6832.8261494,50,17,64758.373206,1100,14700,0,0,67800,10000,185000,0,40080,497720
"X7190",5867.3345909,59,12,4522.8070175,0,10,0,0,10,1400,0,0,900,510
"X10690",8483.6258686,79,9,12334.92823,200,0,0,0,200,0,41000,0,35000,41200
"X21495",5951.9802713,29,11,25697.767145,2000,0,0,0,2000,10700,26000,0,24000,38700
"X3745",5958.40273,47,13,87372.408293,1000,370,0,0,11370,22900,38000,0,83650,60620
"X2315",6840.0837582,22,12,18502.392344,0,10,0,0,58310,5100,0,0,500,62910
"X3170",6539.6646781,51,3,10279.106858,160,0,0,0,160,3000,0,0,0,3160
"X10940",9740.7155873,76,14,46255.980861,3200,1700,103000,20000,293900,9200,250000,0,0,553100
"X2116563",5386.462245,40,14,71953.748006,0,110000,135000,0,426300,79200,60000,70000,143000,632500
"X2109564",6777.8412204,51,14,76065.39075,600,0,0,0,386100,24300,70000,0,142560,454840
"X233065",6659.732174,46,17,20558.213716,1000,400,6000,40000,109400,14000,95000,0,100110,288290
"X17530",5609.5420185,38,16,31865.23126,1000,0,34000,0,37000,13800,65000,0,100280,115520
"X12410",1832.446115,66,16,430694.57735,4500,0,1220000,0,3084500,59000,876000,0,0,4569500
"X1694566",6440.1730088,79,12,39060.606061,27000,15000,0,0,413300,20800,90000,0,180,553920
"X1250",7269.006211,41,12,52423.444976,4270,6010,0,0,205280,48000,115000,0,21550,346730
"X1323567",5454.0787103,29,14,9251.1961722,2000,20000,0,0,25000,0,0,0,0,525000
"X17190",11386.752961,42,12,207637.95853,2100,1100,6200,0,100950,31000,271000,0,134675,397275
"X103068",10556.256706,77,12,29809.409888,1000,1000,0,0,2000,0,0,0,0,2000
"X1018069",5948.73537,23,16,20558.213716,2000,100,0,1000,3100,2700,0,0,17500,-11700
"X18295",10394.652073,53,11,16446.570973,100,200,0,0,300,3800,0,0,6000,-1900
"X8770",10597.798361,76,16,18502.392344,11300,0,0,0,11300,7400,220000,0,0,238700
"X585",8414.4991634,38,12,82232.854864,2100,3000,0,0,65300,17000,48000,0,172250,120050
"X8750",3316.2325238,35,17,105874.80064,0,0,0,0,2000,28100,21000,0,90800,1094300
"X13955",5457.0780326,63,9,16446.570973,100,7800,0,0,7900,15500,222000,0,29400,254000
"X18825",216.14594744,60,16,256977.67145,1000,0,5e+05,5e+06,8551000,4500,1500000,0,55300,35953200
"X12280",7685.7705834,42,16,75037.480064,0,0,0,0,41500,46700,23000,0,118500,95700
"X21780",5711.2391742,53,14,56535.087719,1000,0,0,0,161000,10250,12000,0,113200,183050
"X17810",6746.536873,62,17,105874.80064,4000,14000,0,15000,246000,41600,132000,0,83000,444600
"X2535",5622.6830258,62,16,64758.373206,1500,12000,0,0,226000,3300,90000,0,50050,319250
"X1614070",6677.0208252,68,14,44200.15949,22000,50000,0,0,226800,12000,1e+05,0,0,338800
"X17290",6934.7265034,60,14,22614.035088,1500,3000,0,0,32510,0,75700,0,9300,108210
"X15400",1832.446115,59,12,325847.6874,1500,56000,17000,18000,605700,31000,240000,0,2400,2897300
"X1842071",7029.1678929,31,13,80177.033493,1550,0,0,3000,24450,23100,17000,21000,93000,70550
"X1650",7512.8657584,52,13,80177.033493,1000,0,0,0,5000,2700,82000,0,54700,438000
"X2050072",8349.2691021,26,10,19530.30303,0,0,0,0,0,0,163000,0,0,163000
"X360",9617.66862,29,11,17474.481659,0,100,0,0,18900,0,-4000,0,64200,13700
"X1895",9047.5140897,41,17,118209.72887,2550,2200,35000,95000,185850,24700,98000,0,102000,308550
"X7350",5915.7399612,40,12,89428.229665,20,0,0,0,1020,12300,10000,0,6720,16600
"X107573",7485.5250091,77,12,12334.92823,1700,12390,43000,0,158090,14300,37000,2500,0,223890
"X2204574",3394.2432441,68,12,80177.033493,2000,15000,0,25000,42000,12000,101000,0,42000,137000
"X10345",6435.619245,41,9,18502.392344,20,0,0,0,20,4000,0,0,64960,-60940
"X90575",7456.1502522,23,11,12334.92823,700,0,0,0,700,0,0,0,0,700
"X75",5826.0300078,41,16,135684.21053,3000,2000,0,3000,60000,24900,50000,0,123000,112900
"X1550",8535.9389053,32,14,72981.658692,1050,310,0,0,176860,7300,77000,0,29210,251950
"X6040",6911.1151365,50,12,27753.588517,500,0,0,0,500,2300,7000,0,750,9050
"X3525",11291.181493,75,17,104846.88995,5000,0,0,0,820750,17700,320000,0,800,1219650
"X6980",6885.77759,65,12,69897.926635,590,8450,0,900,169940,34900,220000,0,31660,418180
"X178576",9471.2816414,63,12,21586.124402,2300,0,0,0,17300,5400,95000,0,26000,118700
"X16935",6093.3713179,22,12,24669.856459,8000,0,0,0,9200,0,0,2500,0,11700
"X928577",3597.7161469,67,16,129516.74641,4000,70000,50000,3e+05,1805000,14000,750000,0,0,2569000
"X9615",6226.2105435,42,15,19530.30303,0,0,0,0,0,3000,600,0,81400,-25400
"X17940",7647.2524777,21,12,33921.052632,280,500,0,0,2030,15500,32000,0,9750,39780
"X2855",5717.5206236,66,12,9148.4051037,0,0,0,0,0,0,0,0,0,0
"X17900",8173.5225118,56,6,27753.588517,590,0,0,0,22590,14100,25000,0,119900,-58210
"X1222078",2814.9047194,36,16,855221.69059,60000,230000,350000,0,992100,88000,250000,60000,250000,2390100
"X2020",11188.232977,75,10,12334.92823,1050,4000,0,0,37550,34000,98600,0,29870,141680
"X10380",6301.9788536,24,15,3083.7320574,0,0,0,0,0,6700,0,0,9300,-2600
"X4000",9404.8199755,56,12,32893.141946,2000,0,19200,0,29100,67400,135000,0,0,231500
"X90",7762.3371031,63,12,49339.712919,500,3000,0,400,5900,24100,20000,0,92800,26200
"X19145",6279.5012412,46,17,88400.318979,1000,1500,69600,0,124100,6800,62000,0,48000,192900
"X9140",4396.2364828,59,15,0,1600,0,0,0,3000,2500,0,0,0,14500
"X2300",5313.0455565,29,11,15418.660287,30,5,0,0,35,5000,0,0,3200,1835
"X13560",4701.5737801,50,12,18502.392344,600,130,0,0,730,3900,0,0,1000,3630
"X1767079",6587.6319068,42,8,30837.320574,0,0,0,0,0,0,130000,0,0,130000
"X9665",8183.9394196,41,17,141851.67464,230,590,200,14000,67520,28000,21000,0,96300,99220
"X9065",6428.1923148,62,14,28781.499203,500,4500,0,0,5000,2200,40000,0,6200,41000
"X12715",5000.2165097,52,12,87372.408293,380,0,0,0,12380,55800,0,0,23430,44750
"X1069080",8483.6258686,79,9,12334.92823,200,0,0,0,200,0,41000,0,35000,41200
"X15150",5438.2852722,42,15,41116.427432,0,48000,0,0,48000,14000,0,0,16180,45820
"X14780",3597.7161469,71,16,121293.46093,27000,12000,9e+05,1e+06,3447000,22000,123000,0,102000,3592000
"X3080",5431.6661148,46,16,131572.56778,1410,3340,0,0,123750,24200,67000,0,146500,148450
"X1023081",7426.1415301,49,14,30837.320574,0,10000,0,0,10000,10000,159000,0,41000,179000
"X9725",8641.025818,42,12,107930.62201,2500,3700,0,0,38700,18900,77000,0,56300,116300
"X1330082",5711.5574545,59,12,16446.570973,100,70,0,0,5220,5200,30000,0,93340,37080
"X3215",11386.752961,41,16,136712.12121,4000,103000,18000,70000,339000,15300,127000,0,98000,481300
"X1069083",8483.6258686,79,9,12334.92823,200,0,0,0,200,0,41000,0,35000,41200
"X19635",4799.3711706,49,9,10279.106858,0,0,0,0,0,0,0,0,601,-601
"X14800",6505.3274633,35,12,82232.854864,3000,0,0,0,3300,15200,26000,0,88000,30500
"X2105584",8250.074878,67,12,12334.92823,10220,0,0,0,104220,3900,135000,0,7000,254120
"X21380",4683.3578533,51,6,11307.017544,0,0,0,0,0,0,0,0,1190,-1190
"X2024585",6984.712351,25,12,56535.087719,2000,0,0,0,2000,22700,3000,0,36490,15210
"X11040",6972.1300989,33,16,34948.963317,300,1050,0,800,10250,11400,38000,0,35600,58050
"X12070",8012.1578287,73,8,18502.392344,920,0,0,0,23220,16000,69000,0,6400,101820
"X3465",9199.263204,30,16,141851.67464,6000,510,13000,23000,70410,36000,64000,0,117000,149410
"X20725",9942.5214787,90,10,6167.4641148,0,0,0,0,0,0,52000,0,0,52000
"X15730",8244.9929045,29,12,113070.17544,100,30000,0,0,49100,33600,84000,0,274440,137260
"X17005",1503.1836353,73,17,154186.60287,2500,3000,315000,18000,603500,22000,3e+05,0,615000,3060500
"X4065",6197.2817953,59,13,34948.963317,2200,0,0,0,124440,8700,54000,0,6000,198140
"X620",6750.9057946,56,12,18502.392344,300,0,0,0,300,0,40000,0,0,40300
"X1776586",6235.1707436,83,15,7812.1212121,2000,0,0,0,12000,4500,0,0,0,16500
"X2715",8028.6113801,32,12,57562.998405,0,0,0,1000,1900,7200,55000,0,111000,58100
"X5210",9050.9751998,48,14,46255.980861,800,1000,5000,0,27300,14000,40000,0,136000,75300
"X1303587",8220.9304216,83,14,81204.944179,7000,193000,0,0,449800,19600,175000,0,0,644400
"X18625",6316.2725706,43,14,49339.712919,700,3310,30000,0,280210,26000,93000,0,72050,392160
"X20460",4841.8475425,25,12,28781.499203,0,300,0,0,300,6400,0,0,2100,4600
"X4700",6088.9010274,49,16,30837.320574,2000,0,0,0,20000,12200,96000,0,11400,120800
"X256588",6641.8552293,42,16,88400.318979,2000,44000,1e+05,20000,430000,26600,70000,0,5000,526600
"X4180",146.72053402,49,16,678421.05263,0,10000,1e+06,0,2499000,49000,773000,0,302000,3259200
"X5760",7480.3327058,51,16,178856.45933,3750,0,0,0,196450,4900,134000,0,231500,354850
"X286589",10911.342651,65,11,26725.677831,7000,6000,7500,22000,167500,9300,75000,0,0,251800
"X5745",5771.2818237,34,12,18502.392344,2700,0,0,0,31700,9900,0,0,54500,30100
"X5175",5026.448945,36,11,19530.30303,0,300,0,0,360,8300,0,0,2200,6460
"X15105",6017.3025032,48,8,26725.677831,10,4000,0,0,47010,9900,23000,0,30150,76760
"X19895",5145.1111689,58,12,5139.553429,310,0,0,0,370,18000,0,0,0,68370
"X1210",6281.8255787,51,16,140823.76396,11200,28000,0,0,111000,42000,71000,0,81000,212000
"X1998090",7630.0979163,86,17,37004.784689,10000,20000,0,0,45000,13000,1e+05,0,0,158000
"X202091",11188.232977,75,10,12334.92823,1050,4000,0,0,37550,34000,98600,0,29870,141680
"X14570",6568.5136972,33,9,42144.338118,1000,1700,9000,0,12300,15800,23000,15000,82400,49700
"X2100",9341.9181926,47,12,35976.874003,480,0,0,0,20480,5300,0,0,0,25780
"X1208092",5664.1469055,20,14,21586.124402,700,0,0,0,760,6100,0,0,11770,-4910
"X21340",6229.3681907,22,14,22614.035088,1000,2000,0,25000,28640,22200,0,0,490,50350
"X14250",6519.0232104,30,7,24669.856459,0,0,0,0,200,0,0,0,46400,-7200
"X1719093",11386.752961,42,12,207637.95853,2100,1100,6200,0,100950,31000,271000,0,134675,397275
"X2105594",8250.074878,67,12,12334.92823,10220,0,0,0,104220,3900,135000,0,7000,254120
"X11425",6084.3694975,54,17,160354.06699,7230,1500,39000,20000,386330,34100,105000,0,125000,525430
"X2135095",9864.7351023,68,12,24669.856459,1200,200,0,0,3400,3200,113000,1500,17220,119880
"X13565",6017.3025032,50,15,35976.874003,50,0,0,0,40050,17900,55000,0,35000,112950
"X17540",3468.5961817,42,17,164465.70973,0,8100,84000,1e+05,691800,31400,425000,0,0,1148200
"X2985",8494.8289668,77,7,15418.660287,0,0,0,0,19000,4100,0,0,63000,23100
"X15070",4397.4674988,30,16,15418.660287,2200,500,4800,0,7680,0,0,0,19260,-11580
"X3505",9857.4583944,70,13,19530.30303,1800,11000,0,0,22800,18200,140000,0,0,249000
"X15015",9887.6811104,55,14,66814.194577,1530,0,0,0,1530,13000,30000,0,50930,43600
"X16815",4348.7029316,32,12,13362.838915,500,0,0,0,500,0,0,0,9600,-9100
"X7485",6228.4329104,45,16,41116.427432,0,0,0,0,27300,3200,20000,0,64000,50500
"X18460",5665.4249133,64,16,65786.283892,0,0,65000,0,154500,13000,50000,0,53450,264050
"X9465",5717.0687646,42,13,54479.266348,0,0,0,0,10000,0,0,0,12000,60000
"X10825",6128.8930618,32,9,15418.660287,50,2500,0,0,2550,5500,0,0,0,8050
"X8105",7108.2800827,34,16,71953.748006,1150,11500,0,170000,197150,10000,66000,6000,189000,274150
"X5820",6043.2868496,54,13,38032.695375,1000,22000,0,0,147000,31000,39000,0,92900,208100
"X14765",11386.752961,71,12,38032.695375,4500,3000,0,160000,417500,46000,90000,0,1200,552300
"X5340",2818.455104,54,17,175772.72727,6000,35010,140000,7000,1168010,13000,0,25000,0,1286010
"X3720",4804.4292767,34,9,22614.035088,0,0,0,0,0,0,0,0,0,0
"X4475",6685.2808883,59,17,25697.767145,350,0,35000,0,47350,0,150000,0,0,197350
"X15185",9717.4089615,36,12,30837.320574,520,1900,6000,0,8420,5600,16000,0,55500,28520
"X68096",6833.6584367,48,16,100735.24721,3800,0,13000,0,327800,43000,220000,0,0,590800
"X13745",7513.1999298,39,11,11307.017544,0,0,0,0,0,2900,-6000,0,26000,-3100
"X125097",7269.006211,41,12,52423.444976,4270,6010,0,0,205280,48000,115000,0,21550,346730
"X8345",6991.58079,33,11,53451.355662,400,1200,0,0,3600,17700,0,0,6830,14470
"X2435",6752.178061,57,13,17474.481659,280,5,0,0,285,10000,0,0,1590,8695
"X1900",3591.7790893,77,17,38032.695375,6000,15000,175000,250000,650200,22000,80000,0,0,752200
"X11670",5731.3658752,58,16,18502.392344,5700,2500,24000,0,40200,0,0,0,0,40200
"X18465",8998.8303698,61,12,47283.891547,5200,4000,0,0,63500,25500,91000,0,28000,161000
"X20605",9663.4259918,39,12,27753.588517,1000,1500,0,0,38100,2500,0,3000,600,43000
"X1127598",10483.66851,68,12,27753.588517,3300,8000,32000,116000,351300,12500,2e+05,0,0,563800
"X15815",7402.3349936,41,12,49339.712919,1500,100,0,0,2100,26960,95000,0,75300,267460
"X4465",10051.099917,69,15,61674.641148,4500,0,28000,0,99600,8500,160000,0,1e+05,319100
"X14585",6609.2130449,49,2,134656.29984,500,0,30000,1000,137500,17600,90000,2000,15700,241400
"X12930",6801.3995944,40,14,43172.248804,2500,1000,20000,0,24850,10300,10000,0,126000,39150
"X3875",6076.2830102,33,14,41116.427432,1000,6000,0,0,57000,10000,0,0,27560,39440
"X11340",5351.9436595,79,14,41116.427432,2300,15000,0,50000,848300,103100,1e+05,0,1400,1990000
"X4985",7666.4941233,56,12,113070.17544,880,0,0,50000,116880,20200,106000,0,0,243080
"X21245",7308.9785695,33,12,29809.409888,1,0,0,0,1,6300,20000,0,1000,25301
"X1203599",5803.8740554,35,12,46255.980861,770,0,0,0,1170,8900,28000,0,108800,26270
"X18640",9424.8965205,70,16,21586.124402,150,3000,0,0,3150,4500,9000,0,10260,6390
"X3875100",6076.2830102,33,14,41116.427432,1000,6000,0,0,57000,10000,0,0,27560,39440
"X7570",7388.8300179,37,12,48311.802233,2500,150,0,0,3650,9100,0,0,9200,3550
"X16115",7197.0426977,46,16,102791.06858,0,5000,0,2e+05,359100,14100,107000,0,50000,473200
"X6355",6830.9965106,46,12,29809.409888,0,0,0,0,0,6600,0,0,3300,3300
"X17615",7230.1994776,48,12,30837.320574,30,400,0,0,430,11500,31000,0,117450,34480
"X6920",4859.1364768,80,3,5550.7177033,0,0,0,0,0,0,0,0,0,0
"X8960",4327.1130002,32,16,83260.76555,3540,330,0,0,7370,0,0,0,2500,59870
"X2325101",7803.2246699,45,15,113070.17544,4900,2000,12000,1000,214900,23700,215000,0,151600,527000
"X255",8959.1771359,57,14,77093.301435,2000,10000,0,0,43000,8800,345000,0,80000,424800
"X19515",4547.308076,28,16,82232.854864,1110,0,20000,25000,58110,19000,0,0,9900,74210
"X19205102",7691.5050662,44,12,53451.355662,1000,1050,0,0,57550,13000,136000,0,60200,200350
"X15825",6525.3098192,38,16,58590.909091,1000,0,0,0,1000,14900,60000,0,115000,115900
"X9090",5431.0830797,47,14,39060.606061,500,580,0,0,19080,26200,68000,0,32200,113080
"X4540",10335.835623,83,8,7709.3301435,700,8000,0,0,9400,0,64000,0,0,73400
"X15225",1483.1859029,46,16,575629.98405,13460,59970,330000,6e+05,2061430,85000,1130000,0,677900,3268530
"X10300",4752.0952571,24,12,7400.9569378,0,120,0,0,120,0,0,0,0,120
"X21650",2980.8018914,36,14,41116.427432,2000,200,0,0,2300,11400,13332,0,83930.5,103100
"X3780",4750.7509572,55,12,10279.106858,10,0,0,0,10,0,0,0,0,10
"X13835",7147.1438261,54,15,57562.998405,2500,0,0,0,2500,27000,20000,0,72300,27200
"X5100",7138.9428919,41,13,51395.53429,2000,0,0,0,139000,13000,273000,0,99900,422100
"X11025",5317.0912755,43,2,65786.283892,3000,8700,0,0,22700,24000,40000,0,96000,70700
"X13740",5573.7811458,36,12,32893.141946,2700,6000,0,0,37700,9000,19000,0,41000,65700
"X17905",8897.0174553,33,16,32893.141946,900,60,0,0,7060,9800,3000,0,142140,-35280
"X925",4893.8645821,54,13,41116.427432,2000,500,0,0,2500,13000,0,0,0,15500
"X11925",9050.7759822,42,17,12334.92823,510,0,0,0,510,0,164900,0,5350,165160
"X5210103",9050.9751998,48,14,46255.980861,800,1000,5000,0,27300,14000,40000,0,136000,75300
"X14005",4375.7084219,24,12,11307.017544,0,0,0,0,0,0,0,0,890,-890
"X17815",6270.3754002,56,16,102.79106858,1000,0,0,0,18600,0,65000,0,0,83600
"X14200",6430.0037884,43,12,57562.998405,610,2890,0,0,23500,14200,89000,0,8500,118200
"X2855104",5717.5206236,66,12,9148.4051037,0,0,0,0,0,0,0,0,0,0
"X310105",5950.2488157,40,12,21586.124402,2000,500,0,0,2500,2000,0,0,600,3900
"X15355",10936.699681,71,17,26725.677831,4000,0,2000,0,108200,16300,10000,0,0,134500
"X15135",7500.0875155,30,13,43172.248804,6500,3800,0,0,23800,20900,32000,0,43800,71400
"X9020",8109.0435796,30,16,83260.76555,11000,0,0,0,19950,12000,80000,0,129900,102050
"X18630",9692.4652959,42,10,82232.854864,2520,800,0,0,32820,13000,34000,0,150800,50020
"X17315",9117.2509365,23,12,15418.660287,0,105,0,0,2505,12500,0,0,4430,10575
"X19685",5755.9082004,49,12,53451.355662,1000,300,0,0,111300,13000,-2000,0,24900,112400
"X7100",5700.7691795,42,12,30837.320574,400,220,0,0,620,11700,9200,0,4550,17770
"X12945106",6490.4551436,27,12,28781.499203,0,0,4000,0,4000,9400,0,0,1500,11900
"X7655",1537.8345326,39,16,411164.27432,18000,0,50000,50000,468000,0,353000,0,364000,8743300
"X20875",4540.8912795,31,12,6681.4194577,0,1650,0,0,5450,0,0,0,0,5450
"X9300",7690.7113914,32,13,52423.444976,210,700,0,0,1910,6700,22000,75000,63880,101730
"X16905107",11386.752961,76,16,28781.499203,5600,6800,48000,1e+05,680430,9900,2e+05,0,0,1020330
"X155",6972.1300989,31,12,46255.980861,4300,300,0,0,7100,13900,0,0,104400,7640
"X15280",4540.8912795,32,13,14390.749601,0,0,0,0,1700,0,0,0,250,1450
"X17385",5748.4000886,85,14,9045.6140351,1200,0,0,0,1200,0,0,0,0,1200
"X12880",9610.2592805,29,16,69897.926635,2400,250,0,0,6210,12600,0,0,23780,-4970
"X1595",8089.9765653,43,17,175772.72727,2990,1800,103000,2500,310090,33100,113000,0,102000,456190
"X5720",7359.6699114,30,12,51395.53429,200,3000,0,0,5200,0,26000,0,60100,30100
"X17375",5950.0336872,58,14,100735.24721,500,18000,0,0,339500,28900,170000,0,70000,538400
"X11495108",9240.9039887,44,16,81204.944179,5700,2200,0,8800,182500,17100,47000,0,97100,222500
"X7680109",7263.7921027,52,12,35976.874003,1700,3000,2000,0,12700,4200,8000,0,92000,24900
"X2590",6645.0763759,48,15,28781.499203,1820,850,0,0,10170,9900,0,5000,13780,11290
"X7200",9629.4836227,72,12,10279.106858,1000,0,0,0,9700,2400,76000,0,410,87690
"X1575",6805.1026514,38,10,61674.641148,850,0,0,0,81610,30000,23000,0,88280,108330
"X12065",4620.4798162,37,12,6887.0015949,0,0,0,0,0,0,0,0,0,0
"X9715",8414.4991634,39,17,123349.2823,2500,2000,0,0,86500,29000,25000,0,158650,136850
"X5065",5298.4252237,62,10,11307.017544,0,0,0,0,0,0,0,0,340,-340
"X9520",4900.7020838,39,13,30837.320574,1000,2300,0,0,3300,0,0,0,4000,-700
"X20565110",11386.752961,40,17,193247.20893,5000,1000,0,23000,384360,30900,148000,0,187000,478260
"X2100111",9341.9181926,47,12,35976.874003,480,0,0,0,20480,5300,0,0,0,25780
"X5175112",5026.448945,36,11,19530.30303,0,300,0,0,360,8300,0,0,2200,6460
"X15880",10431.846514,53,12,40088.516746,1300,4500,0,0,21300,33800,121000,0,161300,143800
"X615",6944.9344008,22,12,18502.392344,1000,0,0,0,1000,7500,0,0,4400,4100
"X19490",6198.324286,47,17,144935.4067,2500,8000,0,7500,201000,27900,47000,0,184900,244000
"X13850",5611.6355777,32,13,38032.695375,400,0,0,0,2400,0,0,0,1100,1300
"X14070",7228.2466966,74,12,33921.052632,520,3900,0,0,21920,5800,78000,0,1600,104120
"X16555113",7602.8630882,71,12,16446.570973,1000,0,0,0,13000,1800,15000,0,0,29800
"X21750",6950.8752834,52,17,39060.606061,300,1200,0,0,1500,12000,40000,0,57000,46500
"X1305",7662.7553611,35,13,123349.2823,1600,15500,0,35000,105300,21000,75900,0,4100,202200
"X5210114",9050.9751998,48,14,46255.980861,800,1000,5000,0,27300,14000,40000,0,136000,75300
"X14400115",8454.0718773,72,10,4008.8516746,0,0,0,0,0,0,50000,0,0,50000
"X4120",3435.4000009,83,16,30837.320574,10000,0,0,0,125500,6700,983400,0,0,1819700
"X13600",9383.0099971,32,14,92511.961722,0,1300,0,55000,57500,12000,147000,0,129000,205500
"X1670",11259.575294,66,12,18502.392344,800,0,0,0,800,7800,63000,0,157000,51600
"X8790",7029.6620863,44,16,100735.24721,400,1900,0,1300,111900,30000,159000,0,133000,278900
"X8150",6310.8060252,47,12,53451.355662,750,5000,0,0,87750,3800,45000,0,51300,120250
"X14155",6695.217423,73,4,33921.052632,11500,0,0,0,42500,16700,150000,0,0,439200
"X17905116",8897.0174553,33,16,32893.141946,900,60,0,0,7060,9800,3000,0,142140,-35280
"X16735",5804.3178743,66,16,51395.53429,1000,0,0,0,34700,11000,0,0,3000,83700
"X21095117",6777.8412204,51,14,76065.39075,600,0,0,0,386100,24300,70000,0,142560,454840
"X10280",9401.2079839,80,16,42144.338118,9200,0,0,0,12700,7000,6200,10000,2100,33800
"X8695",6033.5784073,22,12,29809.409888,0,0,0,0,5770,6900,0,0,2160,10510
"X15485",5972.4427791,50,14,4933.9712919,0,0,0,0,12000,0,60000,0,195000,67000
"X920118",5812.9110483,44,15,87372.408293,300,32700,0,0,93000,7700,59000,0,66000,159700
"X525",8516.9613014,73,12,9559.569378,1300,0,0,0,10300,12000,50000,0,0,72300
"X10740119",9507.0043479,78,5,7709.3301435,0,0,0,0,0,0,102000,0,28600,101400
"X8885",5016.1313395,47,12,41116.427432,240,250,0,0,490,13000,0,0,12800,690
"X20200",5845.6749205,26,14,52423.444976,1000,300,0,0,2300,6500,0,0,38200,-29400
"X2295",7105.8185896,69,6,17474.481659,720,0,0,0,720,6200,112000,0,39000,112920
"X14855",4017.0656267,34,12,27753.588517,800,0,0,0,800,0,0,0,0,800
"X20390",10431.846514,50,13,48311.802233,3000,0,0,0,105000,1600,60000,0,160000,166600
"X13895",5545.0508023,35,12,37004.784689,1020,0,770,0,12340,26000,43000,0,68940,62400
"X12335",8147.8136363,76,12,30837.320574,18000,11000,0,0,271000,17500,2e+05,0,2900,485600
"X11880",5934.1263456,54,12,63730.46252,0,0,0,0,62000,23700,65000,0,1500,149200
"X3750",1541.4365888,65,15,65786.283892,3000,2000,0,2500,17500,3800,0,0,3000,24300
"X16305120",6168.6436205,22,12,33921.052632,60,0,0,0,60,2600,0,0,5300,-2640
"X11875",6985.4171537,42,9,45228.070175,0,100,0,0,42100,1900,50000,0,26300,67700
"X7670121",7111.7750629,50,14,53451.355662,3100,0,0,0,12200,34000,22000,0,60600,45600
"X6130",7499.2157435,41,12,11307.017544,0,0,0,0,0,950,0,0,0,950
"X8050",7657.5067369,56,7,47283.891547,150,0,0,0,150,22900,21000,0,55600,17450
"X17970",8302.0167229,72,16,15418.660287,0,0,0,0,0,0,0,0,0,0
"X18735",4949.8348565,49,16,10279.106858,0,50,0,0,50,4100,0,0,0,4150
"X6920122",4859.1364768,80,3,5550.7177033,0,0,0,0,0,0,0,0,0,0
"X235",4923.1400738,48,12,42144.338118,0,0,0,0,20000,12700,0,0,63740,-31040
"X5530",6282.3041994,52,17,118209.72887,0,0,10000,10000,231500,20500,0,0,16000,236000
"X18720",5887.304565,49,12,2055.8213716,0,400,0,0,15400,12120,0,0,0,97520
"X2330123",6659.732174,46,17,20558.213716,1000,400,6000,40000,109400,14000,95000,0,100110,288290
"X335",4177.0529099,41,12,25697.767145,0,1500,0,0,11800,5000,0,0,2350,14450
"X19405",5895.3995149,29,12,69897.926635,2830,910,0,0,4840,23500,15000,0,146950,36390
"X2615",8241.5555167,46,12,60646.730463,2400,1500,0,0,4100,13400,63000,0,76900,78600
"X8060",6654.5552035,67,12,61674.641148,2200,15000,0,1e+05,437200,36100,4e+05,0,0,873300
"X7990",4922.4515953,27,14,24669.856459,630,0,0,0,630,5000,0,0,8300,-2670
"X17205",8028.6113801,34,5,37004.784689,1400,200,0,0,1600,0,17000,0,133480,18120
"X110",10373.153135,79,12,16446.570973,800,0,0,0,25800,0,11000,0,58000,34800
"X16470124",3597.7161469,43,12,1408237.6396,10,0,0,0,400060,26000,380000,0,0,2856060
"X8690",7624.4548435,48,12,82232.854864,4000,7000,0,0,36000,14100,34000,0,85960,80140
"X3350",11386.752961,58,13,30837.320574,11000,159900,0,2500,198400,23000,80000,30000,40000,331400
"X2440",5845.6749205,30,15,46255.980861,1020,0,0,5700,11070,17000,0,0,23260,4810
"X9570",6262.538432,20,14,24669.856459,100,0,0,0,100,3300,0,0,0,3400
"X19650",7270.8123579,48,13,29809.409888,650,7000,40000,25000,79650,7700,23000,0,113200,109150
"X12680125",8925.5407821,27,12,37004.784689,2150,500,0,1000,6150,11700,84000,0,36000,71850
"X6175",7664.6497319,52,11,68870.015949,1800,0,0,1200,4800,9800,80000,0,220,94380
"X2860126",6604.7904946,45,12,20558.213716,1500,530,0,0,4830,2800,0,0,650,6980
"X21470",9663.4259918,42,12,25697.767145,600,0,0,0,600,1900,0,0,2000,500
"X9360",5700.4278723,22,13,82232.854864,300,5500,0,0,13400,10000,0,0,11400,12000
"X3235127",6509.0381593,57,12,51395.53429,700,2200,0,0,6200,20100,70000,0,24670,91630
"X10540",3529.8025244,52,17,102791.06858,11000,0,464000,120000,1370300,20800,122000,0,0,1523100
"X18595",1503.9177532,49,17,116153.9075,5000,66500,115000,19000,293500,37800,202000,0,218000,819300
"X13935",5057.423527,86,17,72981.658692,24000,0,60000,35000,1038000,24800,370000,15000,30000,1447800
"X16950",5315.7504216,52,16,114098.08612,10000,10000,0,0,263700,17700,115000,0,4400,392000
"X9715128",8414.4991634,39,17,123349.2823,2500,2000,0,0,86500,29000,25000,0,158650,136850
"X11980",8233.0604686,20,11,20558.213716,200,0,0,0,200,5800,3000,0,17000,9000
"X2345",6804.0267202,40,17,53451.355662,4500,520,70000,0,79020,13000,25000,10000,70700,117320
"X21130129",11097.53422,78,12,15418.660287,310,0,0,0,310,4400,83000,0,0,87710
"X12600",6482.1927053,53,12,35976.874003,600,2500,0,0,3100,4200,0,0,0,7300
"X3470130",6106.0775847,50,12,59618.819777,3000,13900,0,0,19800,18900,75000,0,13000,100700
"X9425",5837.2791717,89,14,13362.838915,800,10000,0,0,19800,2500,0,0,0,22300
"X21625",6119.428447,27,12,32893.141946,1000,0,0,0,1000,21000,0,0,13000,9000
"X13110",6654.0200782,68,16,15418.660287,160,16000,0,0,32660,0,46000,0,61900,689760
"X10765",8414.4991634,37,12,48311.802233,1000,770,0,2000,115770,9400,85000,8000,60000,218170
"X10290",6556.6396111,37,14,95595.69378,1500,5600,80000,0,163300,12000,72000,0,116000,262300
"X20650",11386.752961,48,16,31865.23126,5000,200,40000,0,276200,1800,4e+05,0,0,678000
"X20680",5009.8726654,42,12,53451.355662,2000,0,84000,0,87500,0,0,0,40110,47390
"X20325",7403.358956,38,13,70925.837321,2500,38800,0,0,130300,18800,17000,0,58260,160840
"X15740",5752.8640349,54,6,15418.660287,0,0,0,0,750,1900,0,0,0,2650
"X10040131",7735.4995912,88,13,11307.017544,0,0,0,0,0,0,88000,0,0,88000
"X2085",7857.7937144,38,10,10176.315789,780,0,0,0,780,17600,0,0,0,18380
"X18375132",3907.1193382,26,12,29809.409888,1000,2500,0,0,3600,11000,0,0,11220,3380
"X15970",3029.4357433,58,14,50367.623604,3000,0,180000,29000,1273000,19000,3e+05,0,0,1592000
"X15490",6835.9388225,43,16,56535.087719,1200,24150,3500,0,65850,10850,68568,0,0,157900
"X9805",7615.414004,47,14,14390.749601,200,0,0,0,200,0,36000,0,8000,28200
"X19805",5974.4062207,32,13,62702.551834,70,0,0,0,12070,15700,0,1000,26950,1820
"X6710133",6046.9947031,44,14,77093.301435,2000,2000,0,0,125000,65200,60000,0,115700,194500
"X20265134",4733.4575372,40,16,28781.499203,820,400,0,18000,19220,4300,0,0,0,23520
"X16850",4798.3702218,27,7,32893.141946,20,0,0,0,20,4100,0,0,100100,-95980
"X10875135",7706.5913246,41,17,63730.46252,2000,11500,0,0,102500,38000,1e+05,0,78150,222350
"X10560136",7091.0392534,78,6,8223.2854864,660,0,0,0,660,3700,0,0,0,4360
"X19625137",8823.5947815,63,1,17474.481659,4000,14700,0,0,38700,37200,124000,0,21000,199900
"X13545",6930.3175999,64,10,37004.784689,300,3000,0,0,5300,1900,70000,0,15000,77200
"X13725138",7519.7319605,55,11,27753.588517,0,700,0,4000,24220,10000,70000,0,21000,103220
"X13385",6683.4422633,40,12,81204.944179,2000,0,1000,0,10000,20000,65000,0,147000,474000
"X16935139",6093.3713179,22,12,24669.856459,8000,0,0,0,9200,0,0,2500,0,11700
"X4930",11139.331989,79,7,21586.124402,8000,15000,0,0,63000,0,65000,0,0,308000
"X20930",7581.9742481,44,12,41116.427432,530,800,0,500,50830,21200,41000,0,28960,103070
"X17100",5971.9347312,57,14,28781.499203,8600,13000,0,5000,29300,46400,179000,35000,15000,354700
"X18795",8287.0908502,78,11,19530.30303,3000,14000,0,0,42200,14300,57000,0,3000,145500
"X1315",4712.3192432,42,12,29809.409888,0,1500,0,0,1550,0,0,0,170,1380
"X3990140",6367.9364327,65,5,12334.92823,0,0,0,0,0,0,0,0,0,0
"X6590141",8483.7783973,51,12,88400.318979,480,3050,0,0,134930,26900,55000,0,141070,195760
"X10940142",9740.7155873,76,14,46255.980861,3200,1700,103000,20000,293900,9200,250000,0,0,553100
"X17560143",9704.9669335,66,12,66814.194577,2500,5000,0,0,17700,24000,69000,0,101930,99770
"X300",3764.5959858,41,12,31865.23126,60,200,0,0,16260,7500,0,0,2000,21760
"X11475",7178.364907,23,16,74009.569378,810,0,3000,0,9610,26600,0,0,54880,-18670
"X15370",5071.1463612,52,12,44200.15949,600,340,0,0,6640,1700,0,0,1800,6540
"X12230",5301.4025532,31,10,15418.660287,130,0,0,0,130,2000,0,0,0,2130
"X6570",7914.2642568,58,13,21586.124402,200,200,0,0,400,9200,50000,0,27550,157050
"X13610",7169.1758617,36,11,51395.53429,80,10,0,0,90,29600,9200,0,19760,29930
"X1940",7388.8300179,37,17,59618.819777,4500,6000,0,0,14500,4000,0,0,19800,-1300
