"","days","years","temps"
"1",1,1995,44
"2",2,1995,41.8
"3",3,1995,28.1
"4",4,1995,31.7
"5",5,1995,21.3
"6",6,1995,27.9
"7",7,1995,42.8
"8",8,1995,35.5
"9",9,1995,34.4
"10",10,1995,29.9
"11",11,1995,30.7
"12",12,1995,35.5
"13",13,1995,47.2
"14",14,1995,52.4
"15",15,1995,56.9
"16",16,1995,55.2
"17",17,1995,50.3
"18",18,1995,42.6
"19",19,1995,39.3
"20",20,1995,43.1
"21",21,1995,43.2
"22",22,1995,36
"23",23,1995,33.3
"24",24,1995,35.8
"25",25,1995,38.3
"26",26,1995,36.6
"27",27,1995,34.3
"28",28,1995,28.2
"29",29,1995,26
"30",30,1995,33.8
"31",31,1995,36.6
"32",32,1995,40.5
"33",33,1995,40.6
"34",34,1995,25.6
"35",35,1995,31.3
"36",36,1995,24.7
"37",37,1995,11.1
"38",38,1995,19
"39",39,1995,23.7
"40",40,1995,22.3
"41",41,1995,33
"42",42,1995,39.6
"43",43,1995,23.1
"44",44,1995,19.1
"45",45,1995,27.5
"46",46,1995,29.8
"47",47,1995,39.9
"48",48,1995,39.4
"49",49,1995,40.5
"50",50,1995,40.6
"51",51,1995,43.1
"52",52,1995,38.1
"53",53,1995,35.3
"54",54,1995,40.2
"55",55,1995,43.3
"56",56,1995,31.2
"57",57,1995,28.4
"58",58,1995,29.8
"59",59,1995,34.9
"60",60,1995,39.7
"61",61,1995,35
"62",62,1995,32.6
"63",63,1995,35.4
"64",64,1995,39
"65",65,1995,44
"66",66,1995,45.8
"67",67,1995,52.6
"68",68,1995,35.3
"69",69,1995,27.6
"70",70,1995,37.5
"71",71,1995,40
"72",72,1995,51.2
"73",73,1995,51.8
"74",74,1995,51.2
"75",75,1995,49.7
"76",76,1995,49
"77",77,1995,47.6
"78",78,1995,46.3
"79",79,1995,45.6
"80",80,1995,51.4
"81",81,1995,49.2
"82",82,1995,46
"83",83,1995,43.6
"84",84,1995,41.6
"85",85,1995,49.9
"86",86,1995,48
"87",87,1995,46.7
"88",88,1995,47.9
"89",89,1995,46.7
"90",90,1995,47.6
"91",91,1995,45.8
"92",92,1995,44.1
"93",93,1995,44.2
"94",94,1995,52.2
"95",95,1995,32.2
"96",96,1995,35.3
"97",97,1995,49.6
"98",98,1995,43.8
"99",99,1995,48.1
"100",100,1995,44.6
"101",101,1995,48.1
"102",102,1995,46.5
"103",103,1995,55.1
"104",104,1995,48.7
"105",105,1995,48.3
"106",106,1995,50.9
"107",107,1995,50.3
"108",108,1995,53.1
"109",109,1995,58.1
"110",110,1995,59.5
"111",111,1995,58.4
"112",112,1995,59.5
"113",113,1995,54.3
"114",114,1995,52.3
"115",115,1995,54.5
"116",116,1995,56.6
"117",117,1995,61.7
"118",118,1995,63.4
"119",119,1995,59.4
"120",120,1995,51.5
"121",121,1995,50.7
"122",122,1995,50.6
"123",123,1995,57.2
"124",124,1995,62.9
"125",125,1995,58
"126",126,1995,58.9
"127",127,1995,57.9
"128",128,1995,55.6
"129",129,1995,61
"130",130,1995,54.7
"131",131,1995,52
"132",132,1995,56.8
"133",133,1995,62.3
"134",134,1995,58.9
"135",135,1995,56.1
"136",136,1995,62.8
"137",137,1995,63.7
"138",138,1995,67.1
"139",139,1995,58.3
"140",140,1995,63.5
"141",141,1995,70.3
"142",142,1995,69.5
"143",143,1995,66.3
"144",144,1995,74.1
"145",145,1995,69.3
"146",146,1995,58.6
"147",147,1995,63.3
"148",148,1995,60.4
"149",149,1995,64.7
"150",150,1995,68.5
"151",151,1995,73.4
"152",152,1995,77.5
"153",153,1995,71.4
"154",154,1995,74.6
"155",155,1995,72.3
"156",156,1995,71.9
"157",157,1995,73.8
"158",158,1995,72.6
"159",159,1995,78.7
"160",160,1995,67.3
"161",161,1995,68.1
"162",162,1995,70.2
"163",163,1995,68.7
"164",164,1995,62.9
"165",165,1995,66
"166",166,1995,70
"167",167,1995,73.5
"168",168,1995,76.8
"169",169,1995,80.4
"170",170,1995,84.6
"171",171,1995,86.4
"172",172,1995,70.1
"173",173,1995,67.8
"174",174,1995,67.8
"175",175,1995,67.1
"176",176,1995,69.4
"177",177,1995,72.5
"178",178,1995,69.2
"179",179,1995,63
"180",180,1995,67
"181",181,1995,73
"182",182,1995,73.4
"183",183,1995,73
"184",184,1995,71
"185",185,1995,74.9
"186",186,1995,74.8
"187",187,1995,75.5
"188",188,1995,75
"189",189,1995,76.8
"190",190,1995,69.3
"191",191,1995,74.1
"192",192,1995,73.7
"193",193,1995,74
"194",194,1995,79.8
"195",195,1995,87.5
"196",196,1995,93.7
"197",197,1995,82.6
"198",198,1995,77.6
"199",199,1995,77.7
"200",200,1995,81.7
"201",201,1995,82.3
"202",202,1995,80.9
"203",203,1995,78.8
"204",204,1995,78.8
"205",205,1995,82.3
"206",206,1995,81.2
"207",207,1995,83.9
"208",208,1995,86.7
"209",209,1995,81.2
"210",210,1995,87.4
"211",211,1995,85.1
"212",212,1995,82.5
"213",213,1995,84.8
"214",214,1995,86.3
"215",215,1995,80.6
"216",216,1995,85.7
"217",217,1995,81.6
"218",218,1995,73.2
"219",219,1995,71.5
"220",220,1995,71.6
"221",221,1995,74.7
"222",222,1995,76.4
"223",223,1995,78.8
"224",224,1995,82.4
"225",225,1995,81.9
"226",226,1995,81.7
"227",227,1995,78.9
"228",228,1995,79.7
"229",229,1995,81.6
"230",230,1995,83
"231",231,1995,75.3
"232",232,1995,72.4
"233",233,1995,77.6
"234",234,1995,82
"235",235,1995,75.3
"236",236,1995,76.8
"237",237,1995,72
"238",238,1995,72.1
"239",239,1995,77.3
"240",240,1995,72.8
"241",241,1995,72.2
"242",242,1995,72.7
"243",243,1995,75.8
"244",244,1995,78.7
"245",245,1995,75.1
"246",246,1995,72.2
"247",247,1995,74.5
"248",248,1995,75.9
"249",249,1995,77
"250",250,1995,77.3
"251",251,1995,73.7
"252",252,1995,68
"253",253,1995,68.3
"254",254,1995,62.6
"255",255,1995,67.9
"256",256,1995,74.1
"257",257,1995,79.1
"258",258,1995,69.2
"259",259,1995,66
"260",260,1995,65.6
"261",261,1995,67.5
"262",262,1995,63.1
"263",263,1995,63.6
"264",264,1995,70
"265",265,1995,71.2
"266",266,1995,59.3
"267",267,1995,57.6
"268",268,1995,59.8
"269",269,1995,60.4
"270",270,1995,64.8
"271",271,1995,68.2
"272",272,1995,61.2
"273",273,1995,59
"274",274,1995,62.7
"275",275,1995,68.8
"276",276,1995,71.7
"277",277,1995,71.7
"278",278,1995,68.6
"279",279,1995,75.3
"280",280,1995,61.7
"281",281,1995,64.4
"282",282,1995,61.7
"283",283,1995,62.2
"284",284,1995,65.7
"285",285,1995,69.8
"286",286,1995,74.2
"287",287,1995,70.2
"288",288,1995,60.2
"289",289,1995,54.8
"290",290,1995,54.3
"291",291,1995,58.8
"292",292,1995,62.5
"293",293,1995,65.1
"294",294,1995,67.5
"295",295,1995,55.2
"296",296,1995,62.4
"297",297,1995,65
"298",298,1995,60.5
"299",299,1995,55
"300",300,1995,57.5
"301",301,1995,65.6
"302",302,1995,55.6
"303",303,1995,49.8
"304",304,1995,53.7
"305",305,1995,55.3
"306",306,1995,62.1
"307",307,1995,67
"308",308,1995,50.1
"309",309,1995,41.2
"310",310,1995,44.6
"311",311,1995,49.5
"312",312,1995,48.1
"313",313,1995,38.5
"314",314,1995,43.4
"315",315,1995,56.9
"316",316,1995,47.7
"317",317,1995,37.4
"318",318,1995,43.6
"319",319,1995,45.6
"320",320,1995,39.2
"321",321,1995,38.8
"322",322,1995,42.7
"323",323,1995,46.3
"324",324,1995,43.6
"325",325,1995,48.2
"326",326,1995,41.5
"327",327,1995,38.8
"328",328,1995,40
"329",329,1995,35
"330",330,1995,40.4
"331",331,1995,47
"332",332,1995,57
"333",333,1995,36.1
"334",334,1995,32.8
"335",335,1995,41.1
"336",336,1995,44.8
"337",337,1995,41.5
"338",338,1995,49.8
"339",339,1995,39.4
"340",340,1995,43.8
"341",341,1995,38.6
"342",342,1995,32.5
"343",343,1995,32.9
"344",344,1995,26.6
"345",345,1995,20.3
"346",346,1995,21.8
"347",347,1995,26
"348",348,1995,28.6
"349",349,1995,38.1
"350",350,1995,38.1
"351",351,1995,38.9
"352",352,1995,35.5
"353",353,1995,30.8
"354",354,1995,23.7
"355",355,1995,24.8
"356",356,1995,32.3
"357",357,1995,33.7
"358",358,1995,33.5
"359",359,1995,32.2
"360",360,1995,31.7
"361",361,1995,28.1
"362",362,1995,31.9
"363",363,1995,32.9
"364",364,1995,35.8
"365",365,1995,39
"366",1,1996,38.6
"367",2,1996,35.9
"368",3,1996,28.8
"369",4,1996,20.8
"370",5,1996,23.1
"371",6,1996,14.1
"372",7,1996,16.6
"373",8,1996,21.4
"374",9,1996,24.2
"375",10,1996,27.1
"376",11,1996,24.1
"377",12,1996,28.1
"378",13,1996,34.3
"379",14,1996,36.7
"380",15,1996,38.7
"381",16,1996,24.4
"382",17,1996,38.3
"383",18,1996,36.3
"384",19,1996,51
"385",20,1996,29.8
"386",21,1996,29.9
"387",22,1996,34.6
"388",23,1996,38.7
"389",24,1996,44.9
"390",25,1996,36
"391",26,1996,31.5
"392",27,1996,48.6
"393",28,1996,34.6
"394",29,1996,32.2
"395",30,1996,39.6
"396",31,1996,31.5
"397",32,1996,21.7
"398",33,1996,27.6
"399",34,1996,19.2
"400",35,1996,14.6
"401",36,1996,13.8
"402",37,1996,20.2
"403",38,1996,28
"404",39,1996,35.9
"405",40,1996,42.6
"406",41,1996,42.3
"407",42,1996,44.7
"408",43,1996,31.9
"409",44,1996,18.3
"410",45,1996,32.3
"411",46,1996,32.4
"412",47,1996,28.4
"413",48,1996,26.8
"414",49,1996,29.7
"415",50,1996,28.9
"416",51,1996,43.8
"417",52,1996,48.7
"418",53,1996,47
"419",54,1996,47.1
"420",55,1996,49
"421",56,1996,53.5
"422",57,1996,52.7
"423",58,1996,47.2
"424",59,1996,48.9
"425",60,1996,33.1
"426",60,1996,29.2
"427",61,1996,33
"428",62,1996,33
"429",63,1996,26.4
"430",64,1996,43.2
"431",65,1996,43.4
"432",66,1996,33.7
"433",67,1996,24.6
"434",68,1996,19.7
"435",69,1996,25.2
"436",70,1996,32
"437",71,1996,39.9
"438",72,1996,46.1
"439",73,1996,51.8
"440",74,1996,51.6
"441",75,1996,43
"442",76,1996,41.1
"443",77,1996,47.5
"444",78,1996,42.5
"445",79,1996,44.3
"446",80,1996,42.9
"447",81,1996,39.8
"448",82,1996,37.4
"449",83,1996,41.6
"450",84,1996,48.9
"451",85,1996,53.4
"452",86,1996,38.8
"453",87,1996,36.5
"454",88,1996,35.7
"455",89,1996,45.1
"456",90,1996,47.1
"457",91,1996,46.9
"458",92,1996,46.9
"459",93,1996,46.5
"460",94,1996,47.9
"461",95,1996,44.2
"462",96,1996,47.3
"463",97,1996,41
"464",98,1996,39.2
"465",99,1996,38.2
"466",100,1996,40.1
"467",101,1996,50.2
"468",102,1996,64.2
"469",103,1996,51.9
"470",104,1996,46.1
"471",105,1996,45.4
"472",106,1996,49.5
"473",107,1996,46.4
"474",108,1996,53.6
"475",109,1996,57.1
"476",110,1996,57.8
"477",111,1996,65.4
"478",112,1996,64.1
"479",113,1996,64.2
"480",114,1996,56.3
"481",115,1996,61.8
"482",116,1996,59.1
"483",117,1996,56.9
"484",118,1996,57.9
"485",119,1996,57.4
"486",120,1996,53.6
"487",121,1996,54.7
"488",122,1996,60.1
"489",123,1996,55
"490",124,1996,53.4
"491",125,1996,54.7
"492",126,1996,50.2
"493",128,1996,48.5
"494",129,1996,51.7
"495",130,1996,54.6
"496",131,1996,66
"497",132,1996,61.2
"498",133,1996,49.6
"499",134,1996,53.6
"500",135,1996,58
"501",136,1996,52.7
"502",137,1996,53.5
"503",138,1996,58.7
"504",139,1996,57.6
"505",140,1996,84.2
"506",141,1996,83
"507",142,1996,72.9
"508",143,1996,65.9
"509",144,1996,70.4
"510",145,1996,63.4
"511",146,1996,61
"512",147,1996,59.2
"513",148,1996,57.5
"514",150,1996,57.4
"515",151,1996,58.5
"516",154,1996,59.7
"517",155,1996,63.1
"518",156,1996,65.9
"519",158,1996,69.6
"520",159,1996,74.2
"521",160,1996,68.9
"522",161,1996,71.4
"523",162,1996,70.8
"524",163,1996,71.9
"525",164,1996,71.5
"526",165,1996,76.2
"527",166,1996,80.4
"528",167,1996,77.6
"529",168,1996,71.8
"530",169,1996,70.9
"531",170,1996,65.9
"532",171,1996,62.4
"533",172,1996,66
"534",173,1996,73.8
"535",174,1996,75.7
"536",175,1996,71.7
"537",176,1996,76.1
"538",177,1996,71.2
"539",178,1996,72.8
"540",179,1996,74
"541",180,1996,70
"542",181,1996,65.1
"543",182,1996,70.4
"544",183,1996,72.3
"545",184,1996,70.3
"546",185,1996,67.4
"547",186,1996,72.6
"548",187,1996,77.9
"549",188,1996,77.6
"550",189,1996,77.5
"551",190,1996,77
"552",191,1996,72.8
"553",192,1996,72.1
"554",193,1996,72.3
"555",194,1996,71.3
"556",195,1996,76.3
"557",196,1996,75.8
"558",197,1996,78.7
"559",198,1996,82.9
"560",199,1996,83
"561",200,1996,79.2
"562",201,1996,72.7
"563",202,1996,72.8
"564",203,1996,72.5
"565",204,1996,69.1
"566",205,1996,69.1
"567",206,1996,73.1
"568",207,1996,72.8
"569",208,1996,73.8
"570",209,1996,73.9
"571",210,1996,72.9
"572",211,1996,70.3
"573",212,1996,68.8
"574",213,1996,68
"575",214,1996,72.9
"576",215,1996,72.9
"577",216,1996,73.8
"578",217,1996,77
"579",218,1996,78.2
"580",219,1996,75.6
"581",220,1996,75.9
"582",221,1996,74.6
"583",222,1996,76.7
"584",223,1996,73.3
"585",224,1996,71.8
"586",225,1996,65.7
"587",226,1996,71.2
"588",227,1996,74.6
"589",228,1996,71.7
"590",229,1996,74
"591",230,1996,75.9
"592",231,1996,76.3
"593",232,1996,74.8
"594",233,1996,73.7
"595",234,1996,77.3
"596",235,1996,81.3
"597",236,1996,78.1
"598",237,1996,74.8
"599",238,1996,78.1
"600",239,1996,77.6
"601",240,1996,72.2
"602",241,1996,74.3
"603",242,1996,74.9
"604",243,1996,74.4
"605",244,1996,72.2
"606",245,1996,78.4
"607",246,1996,80.2
"608",247,1996,79.2
"609",248,1996,79.1
"610",249,1996,75.1
"611",250,1996,76.6
"612",251,1996,74
"613",252,1996,77.3
"614",253,1996,80.7
"615",254,1996,74.5
"616",255,1996,70.4
"617",256,1996,66.7
"618",257,1996,66.4
"619",258,1996,67.4
"620",259,1996,68.7
"621",260,1996,63.5
"622",261,1996,60.6
"623",262,1996,66.6
"624",263,1996,67.3
"625",264,1996,69.7
"626",265,1996,66.3
"627",266,1996,62.2
"628",267,1996,58.8
"629",268,1996,61.5
"630",269,1996,60.7
"631",270,1996,62.9
"632",271,1996,68.4
"633",272,1996,64
"634",273,1996,64.6
"635",274,1996,64.8
"636",275,1996,64.5
"637",276,1996,62.1
"638",277,1996,47.7
"639",278,1996,49.4
"640",279,1996,52.8
"641",280,1996,56.7
"642",281,1996,58.9
"643",282,1996,59.8
"644",283,1996,60
"645",284,1996,50.5
"646",285,1996,51
"647",286,1996,57.1
"648",287,1996,65
"649",288,1996,53.1
"650",289,1996,60.6
"651",290,1996,68.9
"652",291,1996,59.8
"653",292,1996,56.7
"654",293,1996,54.4
"655",294,1996,54.2
"656",295,1996,56.1
"657",296,1996,60.3
"658",297,1996,62.6
"659",298,1996,61.3
"660",299,1996,59.3
"661",300,1996,60.6
"662",301,1996,63.7
"663",302,1996,52.2
"664",303,1996,57
"665",304,1996,57.8
"666",305,1996,49.3
"667",306,1996,44.5
"668",307,1996,41.9
"669",308,1996,46.4
"670",309,1996,51.6
"671",310,1996,55
"672",311,1996,58.5
"673",312,1996,63.3
"674",313,1996,58.1
"675",314,1996,46.2
"676",315,1996,40.3
"677",316,1996,38.4
"678",317,1996,36
"679",318,1996,36.5
"680",319,1996,33.3
"681",320,1996,34
"682",321,1996,43.6
"683",322,1996,48.6
"684",323,1996,47.4
"685",324,1996,41
"686",325,1996,38.6
"687",326,1996,40.2
"688",327,1996,41.2
"689",328,1996,44.2
"690",329,1996,46.5
"691",330,1996,52
"692",331,1996,34.9
"693",332,1996,27.5
"694",333,1996,33.3
"695",334,1996,40
"696",335,1996,51
"697",336,1996,51.7
"698",337,1996,42.2
"699",338,1996,44.4
"700",339,1996,42
"701",340,1996,42
"702",341,1996,41
"703",342,1996,40.7
"704",343,1996,40.1
"705",344,1996,38.2
"706",345,1996,42.3
"707",346,1996,43.8
"708",347,1996,45
"709",348,1996,41.1
"710",349,1996,41.7
"711",350,1996,42.9
"712",351,1996,47.3
"713",352,1996,53
"714",353,1996,44.5
"715",354,1996,28.8
"716",355,1996,26.1
"717",356,1996,32
"718",357,1996,40.3
"719",358,1996,48.6
"720",359,1996,39.4
"721",360,1996,32.6
"722",361,1996,42.1
"723",362,1996,42.1
"724",363,1996,50.3
"725",364,1996,48.7
"726",365,1996,33.2
"727",1,1997,17.5
"728",2,1997,33.7
"729",3,1997,48.7
"730",4,1997,46.8
"731",5,1997,45.3
"732",6,1997,48.6
"733",7,1997,34.8
"734",8,1997,30.7
"735",9,1997,28.4
"736",10,1997,36.4
"737",11,1997,31.1
"738",12,1997,22.8
"739",13,1997,25.4
"740",14,1997,28.4
"741",15,1997,29.7
"742",16,1997,40.1
"743",17,1997,20.8
"744",18,1997,12.7
"745",19,1997,11.9
"746",20,1997,24.2
"747",21,1997,32.8
"748",22,1997,38.3
"749",23,1997,47.8
"750",24,1997,30.5
"751",25,1997,47.2
"752",26,1997,33.7
"753",27,1997,26.2
"754",28,1997,41
"755",29,1997,28.5
"756",30,1997,24.4
"757",31,1997,32.1
"758",32,1997,42.3
"759",33,1997,41.4
"760",34,1997,41.7
"761",35,1997,36.8
"762",36,1997,43.8
"763",37,1997,40.4
"764",38,1997,36.1
"765",39,1997,34.2
"766",40,1997,30.7
"767",41,1997,33.1
"768",42,1997,32.8
"769",43,1997,35.8
"770",44,1997,31.2
"771",45,1997,34.8
"772",46,1997,41
"773",47,1997,33.9
"774",48,1997,31
"775",49,1997,40.6
"776",50,1997,55.2
"777",51,1997,48.4
"778",52,1997,45.9
"779",53,1997,58
"780",54,1997,39.9
"781",55,1997,42.6
"782",56,1997,27.7
"783",57,1997,38.2
"784",58,1997,56.2
"785",59,1997,54.2
"786",60,1997,42.4
"787",61,1997,46.7
"788",62,1997,41.1
"789",63,1997,34.5
"790",64,1997,40.2
"791",65,1997,42.8
"792",66,1997,36.4
"793",67,1997,41.9
"794",68,1997,32.2
"795",69,1997,39.9
"796",70,1997,46.9
"797",71,1997,37.5
"798",72,1997,33
"799",73,1997,37
"800",74,1997,44.6
"801",75,1997,31
"802",76,1997,34.2
"803",77,1997,46.5
"804",78,1997,37.8
"805",79,1997,39.6
"806",80,1997,42.1
"807",81,1997,48
"808",82,1997,33.6
"809",83,1997,34.8
"810",84,1997,41.6
"811",85,1997,50.1
"812",86,1997,50.3
"813",87,1997,57
"814",88,1997,47.9
"815",89,1997,56.8
"816",90,1997,48.3
"817",91,1997,39.7
"818",92,1997,49.5
"819",93,1997,52.7
"820",94,1997,62.6
"821",95,1997,55.7
"822",96,1997,56.3
"823",97,1997,65.4
"824",98,1997,51.7
"825",99,1997,39.5
"826",100,1997,37.3
"827",101,1997,44.6
"828",102,1997,47.7
"829",103,1997,58.4
"830",104,1997,49.1
"831",105,1997,48
"832",106,1997,53.6
"833",107,1997,53.2
"834",108,1997,43.3
"835",109,1997,44.5
"836",110,1997,48.9
"837",111,1997,51.4
"838",112,1997,54
"839",113,1997,54.5
"840",114,1997,50
"841",115,1997,52.8
"842",116,1997,57.3
"843",117,1997,58.3
"844",118,1997,54.5
"845",119,1997,58
"846",120,1997,63
"847",121,1997,58.1
"848",122,1997,57
"849",123,1997,57.9
"850",124,1997,58.6
"851",125,1997,57.3
"852",126,1997,56.3
"853",127,1997,51.1
"854",128,1997,53.8
"855",129,1997,54.6
"856",130,1997,56.6
"857",131,1997,56.8
"858",132,1997,66
"859",133,1997,62.4
"860",134,1997,58.7
"861",135,1997,64
"862",136,1997,59.8
"863",137,1997,58.6
"864",138,1997,58.1
"865",139,1997,63.3
"866",140,1997,66.4
"867",141,1997,57.1
"868",142,1997,55.9
"869",143,1997,59.5
"870",144,1997,64.2
"871",145,1997,62.5
"872",146,1997,62.6
"873",147,1997,58.6
"874",148,1997,60.8
"875",149,1997,62.1
"876",150,1997,59.7
"877",151,1997,63.8
"878",152,1997,65.5
"879",153,1997,61.1
"880",154,1997,55.8
"881",155,1997,59.1
"882",156,1997,61.9
"883",157,1997,59.8
"884",158,1997,58.3
"885",159,1997,61.2
"886",160,1997,65
"887",161,1997,73.1
"888",162,1997,81.7
"889",163,1997,81.3
"890",164,1997,75.3
"891",165,1997,73.7
"892",166,1997,68.5
"893",167,1997,66.7
"894",168,1997,66
"895",169,1997,66.3
"896",170,1997,71.1
"897",171,1997,77.2
"898",172,1997,81.7
"899",173,1997,82.5
"900",174,1997,78.7
"901",175,1997,77.1
"902",176,1997,81.4
"903",177,1997,86.2
"904",178,1997,75.5
"905",179,1997,77.1
"906",180,1997,80.4
"907",181,1997,80.4
"908",182,1997,77.8
"909",183,1997,73.6
"910",184,1997,76
"911",185,1997,80.7
"912",186,1997,74.5
"913",187,1997,76
"914",188,1997,75.7
"915",189,1997,75.3
"916",190,1997,79.8
"917",191,1997,72.4
"918",192,1997,76.1
"919",193,1997,79.4
"920",194,1997,81.6
"921",195,1997,85.5
"922",196,1997,88
"923",197,1997,78
"924",198,1997,84.1
"925",199,1997,86.5
"926",200,1997,76.4
"927",201,1997,70.6
"928",202,1997,75.7
"929",203,1997,72.4
"930",204,1997,71.8
"931",205,1997,65.7
"932",206,1997,66.1
"933",207,1997,75.8
"934",208,1997,79.3
"935",209,1997,81.6
"936",210,1997,78
"937",211,1997,73.8
"938",212,1997,77
"939",213,1997,80.9
"940",214,1997,82.2
"941",215,1997,82
"942",216,1997,75.5
"943",217,1997,70.3
"944",218,1997,69
"945",219,1997,73.3
"946",220,1997,74.7
"947",221,1997,78.9
"948",222,1997,79.8
"949",223,1997,77.7
"950",224,1997,77
"951",225,1997,75.3
"952",226,1997,77.1
"953",227,1997,75.7
"954",228,1997,82.6
"955",229,1997,81.1
"956",230,1997,72
"957",231,1997,71.1
"958",232,1997,69.9
"959",233,1997,67.3
"960",234,1997,68.8
"961",235,1997,70.4
"962",236,1997,70.3
"963",237,1997,72.9
"964",238,1997,73.7
"965",239,1997,73.4
"966",240,1997,70.8
"967",241,1997,71.5
"968",242,1997,73.1
"969",243,1997,74.7
"970",244,1997,75.1
"971",245,1997,77.2
"972",246,1997,73.4
"973",247,1997,61.5
"974",248,1997,65.3
"975",249,1997,72.2
"976",250,1997,73.3
"977",251,1997,71.1
"978",252,1997,68.1
"979",253,1997,67
"980",254,1997,71.3
"981",255,1997,74.3
"982",256,1997,73
"983",257,1997,71.8
"984",258,1997,72.8
"985",259,1997,75
"986",260,1997,71.1
"987",261,1997,74.2
"988",262,1997,73.7
"989",263,1997,75.7
"990",264,1997,60.1
"991",265,1997,59.2
"992",266,1997,63.8
"993",267,1997,57.7
"994",268,1997,59.1
"995",269,1997,65.5
"996",270,1997,60.1
"997",271,1997,63.5
"998",272,1997,67.7
"999",273,1997,68.6
"1000",274,1997,59.7
"1001",275,1997,51.6
"1002",276,1997,60.1
"1003",277,1997,64.9
"1004",278,1997,68.8
"1005",279,1997,73.8
"1006",280,1997,72.6
"1007",281,1997,67.7
"1008",282,1997,67.3
"1009",283,1997,74.1
"1010",284,1997,63.1
"1011",285,1997,59.7
"1012",286,1997,61.4
"1013",287,1997,63.9
"1014",288,1997,58.8
"1015",289,1997,54.1
"1016",290,1997,53.7
"1017",291,1997,54.5
"1018",292,1997,54.3
"1019",293,1997,55.7
"1020",294,1997,53.4
"1021",295,1997,50.8
"1022",296,1997,44.9
"1023",297,1997,51.5
"1024",298,1997,52.2
"1025",299,1997,46.5
"1026",300,1997,55
"1027",301,1997,48.4
"1028",302,1997,48.7
"1029",303,1997,54.7
"1030",304,1997,55.9
"1031",305,1997,61.1
"1032",306,1997,59.6
"1033",307,1997,54.8
"1034",308,1997,56.9
"1035",309,1997,48.4
"1036",310,1997,50.7
"1037",311,1997,52.3
"1038",312,1997,48.7
"1039",313,1997,46.4
"1040",314,1997,47.6
"1041",315,1997,47.1
"1042",316,1997,43.4
"1043",317,1997,39.1
"1044",318,1997,37.4
"1045",319,1997,35.2
"1046",320,1997,37.9
"1047",321,1997,36
"1048",322,1997,37.2
"1049",323,1997,41.6
"1050",324,1997,45.9
"1051",325,1997,47.4
"1052",326,1997,46.5
"1053",327,1997,39.2
"1054",328,1997,39.4
"1055",329,1997,34
"1056",330,1997,46.2
"1057",331,1997,46.8
"1058",332,1997,44
"1059",333,1997,48.4
"1060",334,1997,45.4
"1061",335,1997,42.9
"1062",336,1997,37.8
"1063",337,1997,40.7
"1064",338,1997,46.5
"1065",339,1997,44
"1066",340,1997,36.2
"1067",341,1997,35.5
"1068",342,1997,42
"1069",343,1997,36.3
"1070",344,1997,38.4
"1071",345,1997,35.1
"1072",346,1997,35.6
"1073",347,1997,36.5
"1074",348,1997,38
"1075",349,1997,33.4
"1076",350,1997,43.4
"1077",351,1997,47.3
"1078",352,1997,41.2
"1079",353,1997,45.4
"1080",354,1997,47.2
"1081",355,1997,37.5
"1082",356,1997,30.2
"1083",357,1997,37.1
"1084",358,1997,38.9
"1085",359,1997,43.8
"1086",360,1997,46.8
"1087",361,1997,39.1
"1088",362,1997,35.7
"1089",363,1997,35.8
"1090",364,1997,38.1
"1091",365,1997,31
"1092",1,1998,21.1
"1093",2,1998,36.6
"1094",3,1998,51.1
"1095",4,1998,55.5
"1096",5,1998,44.1
"1097",6,1998,49.1
"1098",7,1998,49.8
"1099",8,1998,48.6
"1100",9,1998,54.9
"1101",10,1998,46.9
"1102",11,1998,45.8
"1103",12,1998,36.6
"1104",13,1998,44.6
"1105",14,1998,31.7
"1106",15,1998,31.7
"1107",16,1998,37.6
"1108",17,1998,35.1
"1109",18,1998,34.6
"1110",19,1998,35.1
"1111",20,1998,35.2
"1112",21,1998,33.9
"1113",22,1998,32.8
"1114",23,1998,36.2
"1115",24,1998,41.4
"1116",25,1998,37.6
"1117",26,1998,36.3
"1118",27,1998,35.7
"1119",28,1998,36.2
"1120",29,1998,40.1
"1121",30,1998,43.8
"1122",31,1998,39.6
"1123",32,1998,37.7
"1124",33,1998,40.7
"1125",34,1998,44.9
"1126",35,1998,41
"1127",36,1998,36.1
"1128",37,1998,37.4
"1129",38,1998,37.1
"1130",39,1998,35.2
"1131",40,1998,36.7
"1132",41,1998,38.9
"1133",42,1998,42.2
"1134",43,1998,49.9
"1135",44,1998,42.7
"1136",45,1998,31.9
"1137",46,1998,26.5
"1138",47,1998,32.9
"1139",48,1998,37.7
"1140",49,1998,44.1
"1141",50,1998,42.9
"1142",51,1998,46.9
"1143",52,1998,44.1
"1144",53,1998,44.9
"1145",54,1998,41.7
"1146",55,1998,38.8
"1147",56,1998,40.5
"1148",57,1998,48.3
"1149",58,1998,46.6
"1150",59,1998,45.7
"1151",60,1998,42.4
"1152",61,1998,47
"1153",62,1998,45.6
"1154",63,1998,45.1
"1155",64,1998,42.5
"1156",65,1998,40.6
"1157",66,1998,44.2
"1158",67,1998,42.5
"1159",68,1998,47.6
"1160",69,1998,47.1
"1161",70,1998,29
"1162",71,1998,25.2
"1163",72,1998,29.5
"1164",73,1998,37.9
"1165",74,1998,38.1
"1166",75,1998,35.1
"1167",76,1998,37.8
"1168",77,1998,38.2
"1169",78,1998,38.8
"1170",79,1998,40.6
"1171",80,1998,38
"1172",81,1998,33.7
"1173",82,1998,38.2
"1174",83,1998,42.6
"1175",84,1998,41.1
"1176",85,1998,46.6
"1177",86,1998,63.6
"1178",87,1998,69.9
"1179",88,1998,67.7
"1180",89,1998,68.1
"1181",90,1998,72
"1182",91,1998,59.8
"1183",92,1998,52.1
"1184",93,1998,52.7
"1185",94,1998,47.3
"1186",95,1998,43.6
"1187",96,1998,49.1
"1188",97,1998,53.5
"1189",98,1998,52.6
"1190",99,1998,46.9
"1191",100,1998,45.5
"1192",101,1998,51
"1193",102,1998,49.8
"1194",103,1998,54.7
"1195",104,1998,56.4
"1196",105,1998,51
"1197",106,1998,51.7
"1198",107,1998,57.1
"1199",108,1998,56.3
"1200",109,1998,53.4
"1201",110,1998,51.3
"1202",111,1998,57.4
"1203",112,1998,56.5
"1204",113,1998,52.2
"1205",114,1998,55.6
"1206",115,1998,60.4
"1207",116,1998,51.1
"1208",117,1998,47.5
"1209",118,1998,51
"1210",119,1998,59.5
"1211",120,1998,64.9
"1212",121,1998,62.1
"1213",122,1998,60.7
"1214",123,1998,56.9
"1215",124,1998,57.2
"1216",125,1998,57.1
"1217",126,1998,57.4
"1218",127,1998,59.1
"1219",128,1998,55.9
"1220",129,1998,57.7
"1221",130,1998,56.9
"1222",131,1998,54.7
"1223",132,1998,56.1
"1224",133,1998,52.8
"1225",134,1998,55.4
"1226",135,1998,64
"1227",136,1998,72.2
"1228",137,1998,61.1
"1229",138,1998,67.1
"1230",139,1998,75.7
"1231",140,1998,68.5
"1232",141,1998,70.9
"1233",142,1998,61.1
"1234",143,1998,62.9
"1235",144,1998,70.7
"1236",145,1998,66.7
"1237",146,1998,67.7
"1238",147,1998,69.7
"1239",148,1998,72.7
"1240",149,1998,75
"1241",150,1998,75.4
"1242",151,1998,73.5
"1243",152,1998,68.8
"1244",153,1998,64.8
"1245",154,1998,64.8
"1246",155,1998,61.2
"1247",156,1998,62.8
"1248",157,1998,63
"1249",158,1998,62
"1250",159,1998,59.6
"1251",160,1998,63
"1252",161,1998,63.4
"1253",162,1998,64.8
"1254",163,1998,64.1
"1255",164,1998,64.5
"1256",165,1998,65.6
"1257",166,1998,68.3
"1258",167,1998,72
"1259",168,1998,75.6
"1260",169,1998,74
"1261",170,1998,76.4
"1262",171,1998,77.8
"1263",172,1998,74.1
"1264",173,1998,68.7
"1265",174,1998,70.3
"1266",175,1998,74.8
"1267",176,1998,81.6
"1268",177,1998,86.2
"1269",178,1998,79.9
"1270",179,1998,70.9
"1271",180,1998,70.9
"1272",181,1998,76.2
"1273",182,1998,72
"1274",183,1998,71.9
"1275",184,1998,76.4
"1276",185,1998,77.1
"1277",186,1998,74.3
"1278",187,1998,72.5
"1279",188,1998,72.1
"1280",189,1998,69.3
"1281",190,1998,71.4
"1282",191,1998,77.2
"1283",192,1998,72.7
"1284",193,1998,75.1
"1285",194,1998,78.5
"1286",195,1998,78.8
"1287",196,1998,79.1
"1288",197,1998,80.9
"1289",198,1998,80.1
"1290",199,1998,79.3
"1291",200,1998,77.5
"1292",201,1998,81
"1293",202,1998,82
"1294",203,1998,86
"1295",204,1998,85.3
"1296",205,1998,80.3
"1297",206,1998,76.1
"1298",207,1998,76.3
"1299",208,1998,77.5
"1300",209,1998,78.3
"1301",210,1998,81.6
"1302",211,1998,80.1
"1303",212,1998,73.9
"1304",213,1998,73.8
"1305",214,1998,75.8
"1306",215,1998,76.3
"1307",216,1998,77.6
"1308",217,1998,78
"1309",218,1998,78.6
"1310",219,1998,76.8
"1311",220,1998,75.5
"1312",221,1998,78.3
"1313",222,1998,78.6
"1314",223,1998,79.3
"1315",224,1998,77.1
"1316",225,1998,72.6
"1317",226,1998,73.4
"1318",227,1998,76
"1319",228,1998,83
"1320",229,1998,75.9
"1321",230,1998,76.9
"1322",231,1998,68
"1323",232,1998,69.7
"1324",233,1998,74.7
"1325",234,1998,75.9
"1326",235,1998,77.4
"1327",236,1998,83.9
"1328",237,1998,85.2
"1329",238,1998,79.9
"1330",239,1998,78.5
"1331",240,1998,76.3
"1332",241,1998,78.9
"1333",242,1998,80.5
"1334",243,1998,78.5
"1335",244,1998,74.7
"1336",245,1998,73.3
"1337",246,1998,70.5
"1338",247,1998,74.5
"1339",248,1998,73.5
"1340",249,1998,80
"1341",250,1998,80.3
"1342",251,1998,68
"1343",252,1998,62.3
"1344",253,1998,64.4
"1345",254,1998,68.4
"1346",255,1998,76.7
"1347",256,1998,75.3
"1348",257,1998,72.4
"1349",258,1998,75.2
"1350",259,1998,79.9
"1351",260,1998,72
"1352",261,1998,69
"1353",262,1998,68.9
"1354",263,1998,72.6
"1355",264,1998,75.5
"1356",265,1998,73.9
"1357",266,1998,61.8
"1358",267,1998,60.2
"1359",268,1998,65.9
"1360",269,1998,69.8
"1361",270,1998,78.3
"1362",271,1998,73.8
"1363",272,1998,64.3
"1364",273,1998,66.8
"1365",274,1998,70.2
"1366",275,1998,58
"1367",276,1998,57.2
"1368",277,1998,54.6
"1369",278,1998,61
"1370",279,1998,56.8
"1371",280,1998,56.6
"1372",281,1998,65.7
"1373",282,1998,63.7
"1374",283,1998,59.7
"1375",284,1998,64
"1376",285,1998,61.3
"1377",286,1998,59.7
"1378",287,1998,62.1
"1379",288,1998,57.1
"1380",289,1998,58.3
"1381",290,1998,58.2
"1382",291,1998,63.7
"1383",292,1998,67.6
"1384",293,1998,60.8
"1385",294,1998,55.4
"1386",295,1998,49.1
"1387",296,1998,51.9
"1388",297,1998,61.5
"1389",298,1998,64.6
"1390",299,1998,60.2
"1391",300,1998,55.8
"1392",301,1998,56
"1393",302,1998,55.5
"1394",303,1998,51.9
"1395",304,1998,50.4
"1396",305,1998,49.9
"1397",306,1998,52.1
"1398",307,1998,46.3
"1399",308,1998,44.6
"1400",309,1998,43.5
"1401",310,1998,42.5
"1402",311,1998,44.7
"1403",312,1998,45.8
"1404",313,1998,48.4
"1405",314,1998,48
"1406",315,1998,57.3
"1407",316,1998,50.8
"1408",317,1998,50.6
"1409",318,1998,51.4
"1410",319,1998,53.8
"1411",320,1998,48.9
"1412",321,1998,49.2
"1413",322,1998,44.7
"1414",323,1998,45.4
"1415",324,1998,54.6
"1416",325,1998,47.3
"1417",326,1998,42.8
"1418",327,1998,47.8
"1419",328,1998,55.6
"1420",329,1998,45.6
"1421",330,1998,50.3
"1422",331,1998,47.8
"1423",332,1998,50.3
"1424",333,1998,52.9
"1425",334,1998,51.7
"1426",335,1998,56.5
"1427",336,1998,54
"1428",337,1998,59.7
"1429",338,1998,65
"1430",339,1998,56.2
"1431",340,1998,54.2
"1432",341,1998,61.9
"1433",342,1998,50.2
"1434",343,1998,45.2
"1435",344,1998,45.4
"1436",345,1998,44.9
"1437",346,1998,41.9
"1438",347,1998,44.2
"1439",348,1998,41.3
"1440",349,1998,41.1
"1441",350,1998,45.5
"1442",351,1998,44.7
"1443",352,1998,37.7
"1444",353,1998,42
"1445",354,1998,48.6
"1446",355,1998,47.7
"1447",356,1998,50.9
"1448",357,1998,24.3
"1449",360,1998,30.5
"1450",361,1998,33.4
"1451",362,1998,40.8
"1452",363,1998,39
"1453",1,1999,25.9
"1454",2,1999,15.7
"1455",3,1999,35.9
"1456",4,1999,30.6
"1457",5,1999,22.9
"1458",6,1999,25.5
"1459",7,1999,33
"1460",8,1999,25.6
"1461",9,1999,37.5
"1462",11,1999,24.8
"1463",12,1999,35.2
"1464",13,1999,44.6
"1465",14,1999,20.4
"1466",15,1999,29.9
"1467",16,1999,30.9
"1468",17,1999,45.1
"1469",18,1999,45.8
"1470",19,1999,44.9
"1471",20,1999,43.4
"1472",21,1999,39.3
"1473",22,1999,40
"1474",23,1999,39.4
"1475",24,1999,52.5
"1476",25,1999,39.5
"1477",26,1999,35.5
"1478",27,1999,39.5
"1479",28,1999,37.9
"1480",29,1999,35.1
"1481",30,1999,30
"1482",31,1999,23.7
"1483",32,1999,31.9
"1484",33,1999,43.5
"1485",34,1999,48.5
"1486",35,1999,43.4
"1487",36,1999,40.4
"1488",37,1999,36.4
"1489",38,1999,39.4
"1490",39,1999,34.4
"1491",40,1999,36
"1492",41,1999,44.2
"1493",42,1999,41.9
"1494",43,1999,48.1
"1495",44,1999,38.9
"1496",45,1999,27.8
"1497",46,1999,31.9
"1498",47,1999,42.1
"1499",48,1999,40
"1500",49,1999,41.4
"1501",50,1999,38.4
"1502",51,1999,36.1
"1503",52,1999,31.9
"1504",53,1999,24.2
"1505",54,1999,20.9
"1506",55,1999,29.2
"1507",56,1999,32.2
"1508",57,1999,35.6
"1509",58,1999,40.4
"1510",59,1999,44.5
"1511",60,1999,42.8
"1512",61,1999,40.5
"1513",62,1999,46.8
"1514",63,1999,43.8
"1515",64,1999,35.5
"1516",65,1999,40.5
"1517",66,1999,33
"1518",67,1999,25.3
"1519",68,1999,28.8
"1520",69,1999,33
"1521",70,1999,33.3
"1522",71,1999,30.8
"1523",72,1999,35
"1524",73,1999,36.8
"1525",74,1999,35.1
"1526",75,1999,39.6
"1527",76,1999,51.2
"1528",77,1999,59.4
"1529",78,1999,43.3
"1530",79,1999,40.9
"1531",80,1999,42.6
"1532",81,1999,46.1
"1533",82,1999,43.4
"1534",83,1999,48.9
"1535",84,1999,47.8
"1536",85,1999,40.4
"1537",86,1999,43.2
"1538",87,1999,44
"1539",88,1999,52.8
"1540",89,1999,54.2
"1541",90,1999,59.9
"1542",91,1999,59.3
"1543",92,1999,56.5
"1544",93,1999,49.9
"1545",94,1999,53.3
"1546",95,1999,45.9
"1547",96,1999,53.2
"1548",97,1999,56.2
"1549",98,1999,65.9
"1550",99,1999,55.5
"1551",100,1999,48.6
"1552",101,1999,45.5
"1553",102,1999,44.3
"1554",103,1999,49.5
"1555",104,1999,53.3
"1556",105,1999,58.3
"1557",106,1999,51.5
"1558",107,1999,50.3
"1559",108,1999,52.9
"1560",109,1999,53.2
"1561",110,1999,49
"1562",111,1999,52.2
"1563",112,1999,53.7
"1564",113,1999,52.2
"1565",114,1999,48.1
"1566",115,1999,51.3
"1567",116,1999,61.5
"1568",117,1999,56.2
"1569",118,1999,54.1
"1570",119,1999,57.5
"1571",120,1999,53
"1572",121,1999,54.5
"1573",122,1999,55.9
"1574",123,1999,56.5
"1575",124,1999,56.3
"1576",125,1999,62.1
"1577",126,1999,60.8
"1578",127,1999,56
"1579",128,1999,55.4
"1580",129,1999,62.2
"1581",130,1999,63.5
"1582",131,1999,60.4
"1583",132,1999,61.3
"1584",133,1999,61.3
"1585",134,1999,55.3
"1586",135,1999,57.2
"1587",136,1999,57.8
"1588",137,1999,60.6
"1589",138,1999,60.2
"1590",139,1999,61.5
"1591",140,1999,63.5
"1592",141,1999,65.1
"1593",142,1999,68.8
"1594",143,1999,62.6
"1595",144,1999,61.8
"1596",145,1999,62.8
"1597",146,1999,66.5
"1598",147,1999,63.6
"1599",148,1999,68.7
"1600",149,1999,74.6
"1601",150,1999,77.1
"1602",151,1999,76
"1603",152,1999,75.9
"1604",153,1999,80.3
"1605",154,1999,78.7
"1606",155,1999,70
"1607",156,1999,69.6
"1608",157,1999,68.2
"1609",158,1999,81.4
"1610",159,1999,86.3
"1611",160,1999,78.8
"1612",161,1999,66
"1613",162,1999,64.5
"1614",163,1999,65.9
"1615",164,1999,68.5
"1616",165,1999,72.7
"1617",166,1999,74
"1618",167,1999,66.6
"1619",168,1999,64.4
"1620",169,1999,64.9
"1621",170,1999,70.5
"1622",171,1999,68
"1623",172,1999,63.7
"1624",173,1999,71.2
"1625",174,1999,78.6
"1626",175,1999,79.5
"1627",176,1999,74.4
"1628",177,1999,81.4
"1629",178,1999,83.3
"1630",179,1999,80.2
"1631",180,1999,82.2
"1632",181,1999,74.7
"1633",182,1999,73
"1634",183,1999,79.4
"1635",184,1999,81.5
"1636",185,1999,85.8
"1637",186,1999,91.3
"1638",187,1999,92.9
"1639",188,1999,86.6
"1640",189,1999,80.6
"1641",190,1999,77.4
"1642",191,1999,81
"1643",192,1999,72.2
"1644",193,1999,72.5
"1645",194,1999,70.1
"1646",195,1999,70.8
"1647",196,1999,74.9
"1648",197,1999,83.1
"1649",198,1999,87.2
"1650",199,1999,88.3
"1651",200,1999,84.5
"1652",201,1999,78
"1653",202,1999,75.8
"1654",203,1999,76.3
"1655",204,1999,79.6
"1656",205,1999,85.1
"1657",206,1999,87.8
"1658",207,1999,84.3
"1659",208,1999,83.8
"1660",209,1999,86.2
"1661",210,1999,83
"1662",211,1999,81
"1663",212,1999,81
"1664",213,1999,84.9
"1665",214,1999,82.6
"1666",215,1999,78.3
"1667",216,1999,78.3
"1668",217,1999,77.4
"1669",218,1999,78.7
"1670",219,1999,78.2
"1671",220,1999,78.1
"1672",221,1999,74.3
"1673",222,1999,71.1
"1674",223,1999,76.2
"1675",224,1999,77.7
"1676",225,1999,79.4
"1677",226,1999,77.7
"1678",227,1999,74.2
"1679",228,1999,74.7
"1680",229,1999,77.3
"1681",230,1999,81.4
"1682",231,1999,75.5
"1683",232,1999,71.3
"1684",233,1999,62.6
"1685",234,1999,65
"1686",235,1999,72.3
"1687",236,1999,77.5
"1688",237,1999,75.7
"1689",238,1999,73.3
"1690",239,1999,74.9
"1691",240,1999,79.4
"1692",241,1999,81.8
"1693",242,1999,66.5
"1694",243,1999,68.8
"1695",244,1999,69.6
"1696",245,1999,71.9
"1697",246,1999,72.1
"1698",247,1999,72.9
"1699",248,1999,73.5
"1700",249,1999,77.2
"1701",250,1999,76.5
"1702",251,1999,76
"1703",252,1999,76.5
"1704",253,1999,73.2
"1705",254,1999,72.5
"1706",255,1999,73
"1707",256,1999,72.1
"1708",257,1999,71.1
"1709",258,1999,71.6
"1710",259,1999,69.6
"1711",260,1999,64.8
"1712",261,1999,65.9
"1713",262,1999,68
"1714",263,1999,68.1
"1715",264,1999,65.2
"1716",265,1999,55.9
"1717",266,1999,59.6
"1718",267,1999,67.6
"1719",268,1999,69
"1720",269,1999,62.7
"1721",270,1999,66.2
"1722",271,1999,69.2
"1723",272,1999,71.1
"1724",273,1999,68.3
"1725",274,1999,63.2
"1726",275,1999,65.7
"1727",276,1999,67.1
"1728",277,1999,65
"1729",278,1999,50.9
"1730",279,1999,55.2
"1731",280,1999,48.8
"1732",281,1999,53.7
"1733",282,1999,63.3
"1734",283,1999,64.8
"1735",284,1999,67.5
"1736",285,1999,59.4
"1737",286,1999,62
"1738",287,1999,58.7
"1739",288,1999,51.2
"1740",289,1999,59.2
"1741",290,1999,64.5
"1742",291,1999,58.9
"1743",292,1999,48.9
"1744",293,1999,54.6
"1745",294,1999,54
"1746",295,1999,55.1
"1747",296,1999,52.8
"1748",297,1999,49.9
"1749",298,1999,50.5
"1750",299,1999,56.1
"1751",300,1999,56.7
"1752",301,1999,48.1
"1753",302,1999,57.2
"1754",303,1999,58.7
"1755",304,1999,61.9
"1756",305,1999,62.5
"1757",306,1999,61.1
"1758",307,1999,55.3
"1759",308,1999,45.7
"1760",309,1999,53.5
"1761",310,1999,59.6
"1762",311,1999,49.4
"1763",312,1999,41.7
"1764",313,1999,51.2
"1765",314,1999,64.2
"1766",315,1999,53.3
"1767",316,1999,42.1
"1768",317,1999,51.2
"1769",318,1999,52.9
"1770",319,1999,45.5
"1771",320,1999,38.4
"1772",321,1999,38.3
"1773",322,1999,42
"1774",323,1999,51.8
"1775",324,1999,57.1
"1776",325,1999,57.7
"1777",326,1999,53.3
"1778",327,1999,55.8
"1779",328,1999,59.9
"1780",329,1999,54.6
"1781",330,1999,54.1
"1782",331,1999,57.7
"1783",332,1999,49.9
"1784",333,1999,44
"1785",334,1999,36.7
"1786",335,1999,30
"1787",336,1999,35.3
"1788",337,1999,46.9
"1789",338,1999,54.2
"1790",339,1999,54.9
"1791",340,1999,55
"1792",341,1999,49.5
"1793",342,1999,42.1
"1794",343,1999,46.7
"1795",344,1999,49.3
"1796",345,1999,44.8
"1797",346,1999,40.2
"1798",347,1999,41.1
"1799",348,1999,43
"1800",349,1999,45.4
"1801",350,1999,47.4
"1802",351,1999,40.1
"1803",352,1999,40.1
"1804",353,1999,36.2
"1805",354,1999,40.4
"1806",355,1999,50
"1807",356,1999,37.3
"1808",357,1999,36.1
"1809",358,1999,29.3
"1810",359,1999,24.7
"1811",360,1999,30.2
"1812",361,1999,33.2
"1813",362,1999,27.8
"1814",363,1999,31.5
"1815",364,1999,40.6
"1816",365,1999,39.9
"1817",1,2000,39.7
"1818",2,2000,47.9
"1819",3,2000,57.8
"1820",4,2000,52.4
"1821",5,2000,43.6
"1822",6,2000,33.9
"1823",7,2000,42.4
"1824",8,2000,35.7
"1825",9,2000,42.8
"1826",10,2000,47.3
"1827",11,2000,49.8
"1828",12,2000,43.5
"1829",13,2000,36.4
"1830",14,2000,20
"1831",15,2000,21.1
"1832",16,2000,36.3
"1833",17,2000,18.6
"1834",18,2000,10.6
"1835",19,2000,19.2
"1836",20,2000,26.7
"1837",21,2000,20
"1838",22,2000,13.8
"1839",23,2000,21.9
"1840",24,2000,30.1
"1841",25,2000,29.8
"1842",26,2000,27.7
"1843",27,2000,19.8
"1844",28,2000,15.9
"1845",29,2000,24
"1846",30,2000,28.8
"1847",31,2000,33.9
"1848",32,2000,31.5
"1849",33,2000,27.7
"1850",34,2000,27
"1851",35,2000,28.9
"1852",36,2000,31.1
"1853",37,2000,32.9
"1854",38,2000,36.3
"1855",39,2000,27.6
"1856",40,2000,33.4
"1857",41,2000,41.4
"1858",42,2000,39.9
"1859",43,2000,29.4
"1860",44,2000,30.7
"1861",45,2000,43.4
"1862",46,2000,38.3
"1863",47,2000,40.8
"1864",48,2000,34.9
"1865",49,2000,30.9
"1866",50,2000,31.8
"1867",51,2000,34.7
"1868",52,2000,37
"1869",53,2000,40.6
"1870",54,2000,43.5
"1871",55,2000,54.3
"1872",56,2000,47.1
"1873",57,2000,40.1
"1874",58,2000,42.1
"1875",59,2000,48.2
"1876",60,2000,43.8
"1877",61,2000,44.2
"1878",62,2000,38.9
"1879",63,2000,40.8
"1880",64,2000,47.8
"1881",65,2000,45.9
"1882",66,2000,50.3
"1883",67,2000,51.7
"1884",68,2000,50.6
"1885",69,2000,55.8
"1886",70,2000,42
"1887",71,2000,42.2
"1888",72,2000,38.6
"1889",73,2000,44.3
"1890",74,2000,49.2
"1891",75,2000,57.5
"1892",76,2000,42.3
"1893",77,2000,29.7
"1894",78,2000,34.8
"1895",79,2000,39
"1896",80,2000,40.5
"1897",81,2000,42.6
"1898",82,2000,46.2
"1899",83,2000,54.3
"1900",84,2000,54.9
"1901",85,2000,56.7
"1902",86,2000,52
"1903",87,2000,54.1
"1904",88,2000,50.6
"1905",89,2000,49.6
"1906",90,2000,47.9
"1907",91,2000,50.4
"1908",92,2000,55.4
"1909",93,2000,59.9
"1910",94,2000,58.3
"1911",95,2000,46.9
"1912",96,2000,51.6
"1913",97,2000,57.9
"1914",98,2000,57.4
"1915",99,2000,43.5
"1916",100,2000,45.8
"1917",101,2000,41.4
"1918",102,2000,44.3
"1919",103,2000,43.1
"1920",104,2000,46.3
"1921",105,2000,49.9
"1922",106,2000,59.1
"1923",107,2000,50.4
"1924",108,2000,43.7
"1925",109,2000,48.1
"1926",110,2000,53.4
"1927",111,2000,48.3
"1928",112,2000,46.7
"1929",113,2000,46.6
"1930",114,2000,54.1
"1931",115,2000,52.5
"1932",116,2000,45.8
"1933",117,2000,43.9
"1934",118,2000,50.8
"1935",119,2000,53.2
"1936",120,2000,57.5
"1937",121,2000,55.4
"1938",122,2000,59
"1939",123,2000,58.1
"1940",124,2000,57.7
"1941",125,2000,67.5
"1942",126,2000,76.1
"1943",127,2000,74.8
"1944",128,2000,78
"1945",129,2000,82.9
"1946",130,2000,65.2
"1947",131,2000,60.6
"1948",132,2000,63.1
"1949",133,2000,57.6
"1950",134,2000,62.9
"1951",135,2000,61.2
"1952",136,2000,60.5
"1953",137,2000,63.1
"1954",138,2000,65.2
"1955",139,2000,59.3
"1956",140,2000,48
"1957",141,2000,52.6
"1958",142,2000,55.5
"1959",143,2000,53
"1960",144,2000,67
"1961",145,2000,68.1
"1962",146,2000,67.5
"1963",147,2000,64.8
"1964",148,2000,62.8
"1965",149,2000,60.1
"1966",150,2000,56.4
"1967",151,2000,57.7
"1968",152,2000,68.3
"1969",153,2000,78.8
"1970",154,2000,69.7
"1971",155,2000,67.4
"1972",156,2000,62.4
"1973",157,2000,57.3
"1974",158,2000,57.5
"1975",159,2000,70
"1976",160,2000,78.4
"1977",161,2000,84.3
"1978",162,2000,86.7
"1979",163,2000,66.2
"1980",164,2000,57.8
"1981",165,2000,57.1
"1982",166,2000,61
"1983",167,2000,74.9
"1984",168,2000,82.3
"1985",169,2000,70.6
"1986",170,2000,66.8
"1987",171,2000,72.6
"1988",172,2000,74.5
"1989",173,2000,76.4
"1990",174,2000,77.5
"1991",175,2000,75.2
"1992",176,2000,77.1
"1993",177,2000,80.3
"1994",178,2000,81
"1995",179,2000,74.7
"1996",180,2000,70.5
"1997",181,2000,71
"1998",182,2000,73.9
"1999",183,2000,77
"2000",184,2000,77.4
"2001",185,2000,75.2
"2002",186,2000,78.6
"2003",187,2000,72.2
"2004",188,2000,70.4
"2005",189,2000,69.1
"2006",190,2000,74.9
"2007",191,2000,80
"2008",192,2000,76.4
"2009",193,2000,74.7
"2010",194,2000,77.3
"2011",195,2000,73.9
"2012",196,2000,69.8
"2013",197,2000,71.4
"2014",198,2000,73.6
"2015",199,2000,78.5
"2016",200,2000,69.7
"2017",201,2000,67.1
"2018",202,2000,73.6
"2019",203,2000,74.9
"2020",204,2000,73.7
"2021",205,2000,73.3
"2022",206,2000,71.5
"2023",207,2000,67.3
"2024",208,2000,68.2
"2025",209,2000,68.4
"2026",210,2000,70.9
"2027",211,2000,70.3
"2028",212,2000,71.1
"2029",213,2000,68.7
"2030",214,2000,76.8
"2031",215,2000,80.2
"2032",216,2000,75
"2033",217,2000,74.8
"2034",218,2000,74.9
"2035",219,2000,81.7
"2036",220,2000,84.2
"2037",221,2000,84.1
"2038",222,2000,80.9
"2039",223,2000,77.1
"2040",224,2000,70.5
"2041",225,2000,68.2
"2042",226,2000,67.5
"2043",227,2000,70.7
"2044",228,2000,77.3
"2045",229,2000,71.7
"2046",230,2000,67.5
"2047",231,2000,68.6
"2048",232,2000,69.2
"2049",233,2000,67.5
"2050",234,2000,71.7
"2051",235,2000,70.6
"2052",236,2000,74.1
"2053",237,2000,74.4
"2054",238,2000,74.9
"2055",239,2000,76.3
"2056",240,2000,74.2
"2057",241,2000,71.8
"2058",242,2000,70.6
"2059",243,2000,75.1
"2060",244,2000,78.4
"2061",245,2000,78.5
"2062",246,2000,78.3
"2063",247,2000,76.3
"2064",248,2000,61.7
"2065",249,2000,62.2
"2066",250,2000,65.2
"2067",251,2000,68.2
"2068",252,2000,74.7
"2069",253,2000,73.4
"2070",254,2000,72.7
"2071",255,2000,75.6
"2072",256,2000,75.6
"2073",257,2000,71.3
"2074",258,2000,70.1
"2075",259,2000,62.7
"2076",260,2000,62.7
"2077",261,2000,68.7
"2078",262,2000,69.5
"2079",263,2000,74.1
"2080",264,2000,75
"2081",265,2000,65.1
"2082",266,2000,64.8
"2083",267,2000,70.9
"2084",268,2000,60.1
"2085",269,2000,55.2
"2086",270,2000,58.1
"2087",271,2000,63.3
"2088",272,2000,52.4
"2089",273,2000,57.6
"2090",274,2000,62.1
"2091",275,2000,63
"2092",276,2000,70.6
"2093",277,2000,69.4
"2094",278,2000,63.3
"2095",279,2000,66.3
"2096",280,2000,58.6
"2097",281,2000,50.4
"2098",282,2000,47
"2099",283,2000,45
"2100",284,2000,56.7
"2101",285,2000,62.1
"2102",286,2000,65.2
"2103",287,2000,69.3
"2104",288,2000,71.3
"2105",289,2000,62.7
"2106",290,2000,54.9
"2107",291,2000,57.6
"2108",292,2000,58.3
"2109",293,2000,58.6
"2110",294,2000,62.6
"2111",295,2000,60.4
"2112",296,2000,52.9
"2113",297,2000,58.1
"2114",298,2000,62.7
"2115",299,2000,61.3
"2116",300,2000,59.5
"2117",301,2000,59.3
"2118",302,2000,42.8
"2119",303,2000,42.6
"2120",304,2000,48.5
"2121",305,2000,50.4
"2122",306,2000,53.6
"2123",307,2000,57.6
"2124",308,2000,60.4
"2125",309,2000,52.3
"2126",310,2000,49.1
"2127",311,2000,49.2
"2128",312,2000,51.8
"2129",313,2000,56.1
"2130",314,2000,57
"2131",315,2000,53.9
"2132",316,2000,49.5
"2133",317,2000,46.3
"2134",318,2000,53
"2135",319,2000,43.3
"2136",320,2000,43.5
"2137",321,2000,49.1
"2138",322,2000,41.5
"2139",323,2000,39.5
"2140",324,2000,39.1
"2141",325,2000,36.6
"2142",326,2000,31.9
"2143",327,2000,30.8
"2144",328,2000,30.3
"2145",329,2000,34.6
"2146",330,2000,45.7
"2147",331,2000,49.4
"2148",332,2000,48.1
"2149",333,2000,45.1
"2150",334,2000,41.9
"2151",335,2000,37.8
"2152",336,2000,32.6
"2153",337,2000,28.8
"2154",338,2000,34.6
"2155",339,2000,40.6
"2156",340,2000,31.3
"2157",341,2000,30.7
"2158",342,2000,29.5
"2159",343,2000,31.5
"2160",344,2000,32.6
"2161",345,2000,40.1
"2162",346,2000,44.6
"2163",347,2000,27.4
"2164",348,2000,37.2
"2165",349,2000,37.5
"2166",350,2000,39
"2167",351,2000,54.1
"2168",352,2000,33.1
"2169",353,2000,33.9
"2170",354,2000,33.7
"2171",355,2000,28.4
"2172",356,2000,31.7
"2173",357,2000,22.4
"2174",358,2000,28.4
"2175",359,2000,23.9
"2176",360,2000,20.3
"2177",361,2000,26.7
"2178",362,2000,25.7
"2179",363,2000,23.1
"2180",364,2000,28.1
"2181",365,2000,27.7
"2182",1,2001,27.6
"2183",2,2001,24.9
"2184",3,2001,25.2
"2185",4,2001,30.1
"2186",5,2001,29.8
"2187",6,2001,33.8
"2188",7,2001,34.9
"2189",8,2001,35.7
"2190",9,2001,32.2
"2191",10,2001,27.6
"2192",11,2001,36.3
"2193",12,2001,37
"2194",13,2001,33.7
"2195",14,2001,37
"2196",15,2001,37.1
"2197",16,2001,39.8
"2198",17,2001,40
"2199",18,2001,35.3
"2200",19,2001,36
"2201",20,2001,35.4
"2202",21,2001,28.4
"2203",22,2001,29.3
"2204",23,2001,31.7
"2205",24,2001,36.5
"2206",25,2001,36.7
"2207",26,2001,27.3
"2208",27,2001,34.4
"2209",28,2001,33.9
"2210",29,2001,32.5
"2211",30,2001,41.1
"2212",31,2001,46.1
"2213",32,2001,43.4
"2214",33,2001,41.7
"2215",34,2001,30.3
"2216",35,2001,29.7
"2217",36,2001,34.9
"2218",37,2001,39.3
"2219",38,2001,40.4
"2220",39,2001,36.3
"2221",40,2001,38.5
"2222",41,2001,49.8
"2223",42,2001,28.2
"2224",43,2001,22.6
"2225",44,2001,37.9
"2226",45,2001,39.9
"2227",46,2001,44.4
"2228",47,2001,36.5
"2229",48,2001,35.3
"2230",49,2001,24.5
"2231",50,2001,33.5
"2232",51,2001,43.7
"2233",52,2001,44.4
"2234",53,2001,21.3
"2235",54,2001,27.5
"2236",55,2001,31.3
"2237",56,2001,38
"2238",57,2001,46.5
"2239",58,2001,38.9
"2240",59,2001,34.2
"2241",60,2001,30.1
"2242",61,2001,35.1
"2243",62,2001,40.3
"2244",63,2001,35.3
"2245",64,2001,30.7
"2246",65,2001,30.3
"2247",66,2001,35.5
"2248",67,2001,35.2
"2249",68,2001,38.1
"2250",69,2001,38.4
"2251",70,2001,41.7
"2252",71,2001,39
"2253",72,2001,38.7
"2254",73,2001,45.4
"2255",74,2001,47
"2256",75,2001,47.3
"2257",76,2001,42
"2258",77,2001,40.9
"2259",78,2001,42.2
"2260",79,2001,44.8
"2261",80,2001,41.4
"2262",81,2001,41.9
"2263",82,2001,44.3
"2264",83,2001,47.9
"2265",84,2001,36.7
"2266",85,2001,34.4
"2267",86,2001,31.4
"2268",87,2001,37.8
"2269",88,2001,40.5
"2270",89,2001,39.5
"2271",90,2001,41
"2272",91,2001,40.5
"2273",92,2001,40.9
"2274",93,2001,44.4
"2275",94,2001,46.4
"2276",95,2001,50.6
"2277",96,2001,50.8
"2278",97,2001,48.1
"2279",98,2001,42.9
"2280",99,2001,53.5
"2281",100,2001,54.3
"2282",101,2001,49.5
"2283",102,2001,45.9
"2284",103,2001,55.8
"2285",104,2001,55.9
"2286",105,2001,56.8
"2287",106,2001,52
"2288",107,2001,49.9
"2289",108,2001,47.6
"2290",109,2001,43.9
"2291",110,2001,53
"2292",111,2001,56.9
"2293",112,2001,66.1
"2294",113,2001,70.5
"2295",114,2001,68.5
"2296",115,2001,53
"2297",116,2001,52.9
"2298",117,2001,56.3
"2299",118,2001,59.3
"2300",119,2001,53.5
"2301",120,2001,62
"2302",121,2001,72.9
"2303",122,2001,77.7
"2304",123,2001,79.2
"2305",124,2001,81.8
"2306",125,2001,72.6
"2307",126,2001,58.4
"2308",127,2001,52.4
"2309",128,2001,56
"2310",129,2001,61.7
"2311",130,2001,69.4
"2312",131,2001,74.8
"2313",132,2001,77.6
"2314",133,2001,61
"2315",134,2001,60.9
"2316",135,2001,61.2
"2317",136,2001,58.2
"2318",137,2001,57.1
"2319",138,2001,57.3
"2320",139,2001,66.1
"2321",140,2001,61.2
"2322",141,2001,54.9
"2323",142,2001,56.5
"2324",143,2001,57.3
"2325",144,2001,59.1
"2326",145,2001,56.5
"2327",146,2001,55.6
"2328",147,2001,60.4
"2329",148,2001,65.6
"2330",149,2001,66.9
"2331",150,2001,60.9
"2332",151,2001,59.6
"2333",152,2001,61.3
"2334",153,2001,65.9
"2335",154,2001,66.7
"2336",155,2001,66.2
"2337",156,2001,68.8
"2338",157,2001,71.1
"2339",158,2001,70.2
"2340",159,2001,72.2
"2341",160,2001,72.9
"2342",161,2001,73.9
"2343",162,2001,75.6
"2344",163,2001,74
"2345",164,2001,71.9
"2346",165,2001,71.3
"2347",166,2001,74.5
"2348",167,2001,74.5
"2349",168,2001,72.1
"2350",169,2001,75.9
"2351",170,2001,79.3
"2352",171,2001,79.9
"2353",172,2001,72.6
"2354",173,2001,74.2
"2355",174,2001,73.7
"2356",175,2001,71.4
"2357",176,2001,74.3
"2358",177,2001,79
"2359",178,2001,82.5
"2360",179,2001,83.6
"2361",180,2001,79
"2362",181,2001,84.6
"2363",182,2001,82.1
"2364",183,2001,65.9
"2365",184,2001,69.9
"2366",185,2001,72.3
"2367",186,2001,75.5
"2368",187,2001,69.7
"2369",188,2001,72.4
"2370",189,2001,71.9
"2371",190,2001,75.9
"2372",191,2001,82.5
"2373",192,2001,76
"2374",193,2001,73.3
"2375",194,2001,71.5
"2376",195,2001,72
"2377",196,2001,73.6
"2378",197,2001,77.6
"2379",198,2001,78.7
"2380",199,2001,73.5
"2381",200,2001,71.9
"2382",201,2001,71.8
"2383",202,2001,76.7
"2384",203,2001,76.4
"2385",204,2001,77.9
"2386",205,2001,83.4
"2387",206,2001,87.6
"2388",207,2001,77.2
"2389",208,2001,69.3
"2390",209,2001,71.7
"2391",210,2001,72
"2392",211,2001,70.2
"2393",212,2001,73
"2394",213,2001,78.2
"2395",214,2001,83.5
"2396",215,2001,80.5
"2397",216,2001,78.9
"2398",217,2001,78.3
"2399",218,2001,83.6
"2400",219,2001,88.7
"2401",220,2001,89.4
"2402",221,2001,92.6
"2403",222,2001,87.5
"2404",223,2001,76.4
"2405",224,2001,73.3
"2406",225,2001,76.4
"2407",226,2001,76.3
"2408",227,2001,74.1
"2409",228,2001,75.4
"2410",229,2001,78.2
"2411",230,2001,80.4
"2412",231,2001,77.8
"2413",232,2001,77.6
"2414",233,2001,78.1
"2415",234,2001,78.7
"2416",235,2001,78.6
"2417",236,2001,74.6
"2418",237,2001,73.9
"2419",238,2001,73.1
"2420",239,2001,77.4
"2421",240,2001,78.8
"2422",241,2001,76
"2423",242,2001,74.2
"2424",243,2001,77.9
"2425",244,2001,76.6
"2426",245,2001,67
"2427",246,2001,69.8
"2428",247,2001,73.7
"2429",248,2001,72.1
"2430",249,2001,70.1
"2431",250,2001,74.4
"2432",251,2001,74.3
"2433",252,2001,76.4
"2434",253,2001,76.7
"2435",254,2001,73.1
"2436",255,2001,70.8
"2437",256,2001,73.8
"2438",257,2001,62.4
"2439",258,2001,60.6
